20050104,984.64
20050105,996.04
20050106,987.06
20050107,988.33
20050110,997.70
20050111,1000.49
20050112,999.04
20050113,999.76
20050114,990.76
20050117,970.36
20050118,978.54
20050119,971.61
20050120,960.71
20050121,984.76
20050124,1000.66
20050125,997.83
20050126,989.12
20050127,973.41
20050128,966.33
20050131,948.54
20050201,947.53
20050202,997.45
20050203,982.77
20050204,1004.13
20050216,1011.19
20050217,1010.20
20050218,995.92
20050221,1014.23
20050222,1035.56
20050223,1035.55
20050224,1037.70
20050225,1039.14
20050228,1032.70
20050301,1029.75
20050302,1014.99
20050303,1020.67
20050304,1016.10
20050307,1021.39
20050308,1040.18
20050309,1039.00
20050310,1014.87
20050311,1020.12
20050314,1022.40
20050315,1006.31
20050316,996.62
20050317,986.13
20050318,971.26
20050321,973.47
20050322,954.80
20050323,950.03
20050324,956.10
20050325,954.45
20050328,951.49
20050329,945.52
20050330,926.55
20050331,932.19
20050401,966.52
20050404,950.18
20050405,943.12
20050406,958.78
20050407,970.87
20050408,987.87
20050411,981.53
20050412,963.90
20050413,986.08
20050414,972.74
20050415,958.19
20050418,945.91
20050419,947.81
20050420,932.33
20050421,923.54
20050422,918.34
20050425,909.19
20050426,918.50
20050427,906.68
20050428,922.42
20050429,913.05
20050509,890.90
20050510,894.15
20050511,884.63
20050512,870.90
20050513,873.53
20050516,863.16
20050517,870.10
20050518,872.14
20050519,872.98
20050520,870.75
20050523,849.82
20050524,856.36
20050525,856.12
20050526,845.17
20050527,838.04
20050530,843.58
20050531,843.96
20050601,826.32
20050602,807.92
20050603,807.42
20050606,826.38
20050607,825.51
20050608,891.98
20050609,898.57
20050610,880.85
20050613,877.40
20050614,866.76
20050615,848.96
20050616,860.09
20050617,860.31
20050620,884.60
20050621,874.60
20050622,877.99
20050623,869.53
20050624,873.14
20050627,891.01
20050628,878.20
20050629,873.52
20050630,854.07
20050701,833.32
20050704,828.56
20050705,822.42
20050706,816.14
20050707,817.88
20050708,802.34
20050711,796.28
20050712,822.91
20050713,816.74
20050714,818.99
20050715,808.84
20050718,800.08
20050719,802.83
20050720,809.24
20050721,809.79
20050722,825.87
20050725,823.52
20050726,842.11
20050727,858.77
20050728,855.59
20050729,852.66
20050801,855.96
20050802,867.64
20050803,873.72
20050804,868.58
20050805,889.02
20050808,893.11
20050809,899.37
20050810,907.32
20050811,920.06
20050812,905.24
20050815,924.88
20050816,917.39
20050817,926.52
20050818,898.78
20050819,901.22
20050822,909.40
20050823,900.76
20050824,908.04
20050825,909.74
20050826,908.83
20050829,898.47
20050830,895.87
20050831,909.57
20050901,926.11
20050902,930.27
20050905,936.36
20050906,919.30
20050907,936.12
20050908,937.62
20050909,930.99
20050912,932.14
20050913,947.52
20050914,954.97
20050915,955.00
20050916,953.05
20050919,958.99
20050920,950.82
20050921,934.50
20050922,911.87
20050923,903.57
20050926,906.33
20050927,891.57
20050928,889.93
20050929,903.33
20050930,903.63
20051010,893.69
20051011,907.41
20051012,911.48
20051013,905.22
20051014,894.49
20051017,889.22
20051018,894.91
20051019,891.27
20051020,892.26
20051021,897.56
20051024,899.10
20051025,885.79
20051026,866.31
20051027,864.40
20051028,853.38
20051031,860.96
20051101,857.19
20051102,867.86
20051103,858.56
20051104,862.84
20051107,862.77
20051108,867.10
20051109,865.14
20051110,848.07
20051111,850.37
20051114,848.34
20051115,842.42
20051116,848.13
20051117,847.56
20051118,865.65
20051121,866.72
20051122,853.12
20051123,859.46
20051124,864.50
20051125,866.75
20051128,863.14
20051129,853.40
20051130,855.41
20051201,854.53
20051202,850.05
20051205,837.94
20051206,843.64
20051207,850.91
20051208,850.19
20051209,863.49
20051212,865.32
20051213,865.57
20051214,874.50
20051215,872.31
20051216,878.41
20051219,878.92
20051220,883.06
20051221,878.77
20051222,884.31
20051223,891.68
20051226,898.50
20051227,896.60
20051228,897.85
20051229,911.15
20051230,903.46
20060104,919.80
20060105,935.86
20060106,945.98
20060109,951.54
20060110,954.28
20060111,948.60
20060112,960.05
20060113,956.08
20060116,939.70
20060117,942.05
20060118,960.78
20060119,967.89
20060120,969.05
20060123,971.32
20060124,973.48
20060125,981.61
20060206,1003.24
20060207,999.82
20060208,1004.47
20060209,990.92
20060210,1003.50
20060213,1004.47
20060214,1010.89
20060215,1013.07
20060216,990.29
20060217,989.82
20060220,989.68
20060221,1006.00
20060222,1004.94
20060223,1007.55
20060224,1016.08
20060227,1014.95
20060228,1019.78
20060301,1024.30
20060302,1006.16
20060303,1008.03
20060306,1005.45
20060307,982.48
20060308,977.93
20060309,973.46
20060310,977.28
20060313,987.06
20060314,986.64
20060315,996.65
20060316,995.87
20060317,992.65
20060320,1005.08
20060321,1008.08
20060322,1014.94
20060323,1016.63
20060324,1010.26
20060327,1018.24
20060328,1024.01
20060329,1031.98
20060330,1023.79
20060331,1028.05
20060403,1047.09
20060404,1057.57
20060405,1067.37
20060406,1069.84
20060407,1071.76
20060410,1088.76
20060411,1094.49
20060412,1090.06
20060413,1066.10
20060414,1089.90
20060417,1097.10
20060418,1101.85
20060419,1106.93
20060420,1102.04
20060421,1116.57
20060424,1106.95
20060425,1105.03
20060426,1123.78
20060427,1124.45
20060428,1143.26
20060508,1187.26
20060509,1222.87
20060510,1237.15
20060511,1225.46
20060512,1265.89
20060515,1319.53
20060516,1296.62
20060517,1304.68
20060518,1306.24
20060519,1343.35
20060522,1353.19
20060523,1297.76
20060524,1285.32
20060525,1290.62
20060526,1314.53
20060529,1347.35
20060530,1360.44
20060531,1351.66
20060601,1393.06
20060602,1384.24
20060605,1396.50
20060606,1391.99
20060607,1310.64
20060608,1314.70
20060609,1286.30
20060612,1290.82
20060613,1291.65
20060614,1280.59
20060615,1283.06
20060616,1314.43
20060619,1330.63
20060620,1336.05
20060621,1330.77
20060622,1329.81
20060623,1340.89
20060626,1365.56
20060627,1366.80
20060628,1365.50
20060629,1395.43
20060630,1393.20
20060703,1416.76
20060704,1406.52
20060705,1391.43
20060706,1420.32
20060707,1411.80
20060710,1414.35
20060711,1420.12
20060712,1418.80
20060713,1343.73
20060714,1354.47
20060717,1370.30
20060718,1374.31
20060719,1341.21
20060720,1350.19
20060721,1359.97
20060724,1364.07
20060725,1380.06
20060726,1378.72
20060727,1362.90
20060728,1348.15
20060731,1298.99
20060801,1286.65
20060802,1280.38
20060803,1278.13
20060804,1247.14
20060807,1226.99
20060808,1256.09
20060809,1254.80
20060810,1274.13
20060811,1279.45
20060814,1248.94
20060815,1269.01
20060816,1285.84
20060817,1274.32
20060818,1271.04
20060821,1274.16
20060822,1288.10
20060823,1288.55
20060824,1295.23
20060825,1299.22
20060828,1330.41
20060829,1334.14
20060830,1339.52
20060831,1343.14
20060901,1320.29
20060904,1341.32
20060905,1345.18
20060906,1349.03
20060907,1330.29
20060908,1334.45
20060911,1342.86
20060912,1351.20
20060913,1340.47
20060914,1339.90
20060915,1362.92
20060918,1377.31
20060919,1381.32
20060920,1382.58
20060921,1391.23
20060922,1378.54
20060925,1378.93
20060926,1367.06
20060927,1380.28
20060928,1396.32
20060929,1412.50
20061009,1445.30
20061010,1448.87
20061011,1447.17
20061012,1434.47
20061013,1438.95
20061016,1427.07
20061017,1420.92
20061018,1443.87
20061019,1447.91
20061020,1445.42
20061023,1410.25
20061024,1443.37
20061025,1447.77
20061026,1454.49
20061027,1437.25
20061030,1441.34
20061031,1459.04
20061101,1470.62
20061102,1469.94
20061103,1478.85
20061106,1490.91
20061107,1494.60
20061108,1481.49
20061109,1506.90
20061110,1483.12
20061113,1451.39
20061114,1468.00
20061115,1507.30
20061116,1501.32
20061117,1528.05
20061120,1554.21
20061121,1571.47
20061122,1586.16
20061123,1595.49
20061124,1599.03
20061127,1617.57
20061128,1613.87
20061129,1635.92
20061130,1680.01
20061201,1693.59
20061204,1741.81
20061205,1754.37
20061206,1739.68
20061207,1734.79
20061208,1671.11
20061211,1744.53
20061212,1754.63
20061213,1756.40
20061214,1788.77
20061215,1818.60
20061218,1865.67
20061219,1871.22
20061220,1889.99
20061221,1861.85
20061222,1849.16
20061225,1886.80
20061226,1881.14
20061227,1919.26
20061228,1909.36
20061229,1961.17
20070104,1983.17
20070105,1997.11
20070108,2057.74
20070109,2120.35
20070110,2173.30
20070111,2157.76
20070112,2101.22
20070115,2212.39
20070116,2280.25
20070117,2245.64
20070118,2260.95
20070119,2340.22
20070122,2434.52
20070123,2445.97
20070124,2476.27
20070125,2392.23
20070126,2443.57
20070129,2506.53
20070130,2487.89
20070131,2330.16
20070201,2341.66
20070202,2256.85
20070205,2239.86
20070206,2281.17
20070207,2334.87
20070208,2377.76
20070209,2365.93
20070212,2448.65
20070213,2489.09
20070214,2551.57
20070215,2630.89
20070216,2643.76
20070226,2680.54
20070227,2433.84
20070228,2516.56
20070301,2447.92
20070302,2485.80
20070305,2462.62
20070306,2500.33
20070307,2567.90
20070308,2606.81
20070309,2590.50
20070312,2605.19
20070313,2632.99
20070314,2595.70
20070315,2644.25
20070316,2600.76
20070319,2652.69
20070320,2671.41
20070321,2706.08
20070322,2715.04
20070323,2723.54
20070326,2780.95
20070327,2806.29
20070328,2811.70
20070329,2777.10
20070330,2781.96
20070402,2849.54
20070403,2889.74
20070404,2917.76
20070405,2955.10
20070406,2983.64
20070409,3044.44
20070410,3079.51
20070411,3115.82
20070412,3174.57
20070413,3170.48
20070416,3261.51
20070417,3298.76
20070418,3330.70
20070419,3169.52
20070420,3311.26
20070423,3459.08
20070424,3481.95
20070425,3481.46
20070426,3527.69
20070427,3506.73
20070430,3576.15
20070508,3719.81
20070509,3736.52
20070510,3760.54
20070511,3744.60
20070514,3775.23
20070515,3643.94
20070516,3744.76
20070517,3829.77
20070518,3834.24
20070521,3902.98
20070522,3948.10
20070523,4028.95
20070524,4014.60
20070525,4087.39
20070528,4169.38
20070529,4263.50
20070530,3970.26
20070531,3963.58
20070601,3809.10
20070604,3514.48
20070605,3622.88
20070606,3664.07
20070607,3804.27
20070608,3838.75
20070611,3929.68
20070612,4032.64
20070613,4130.65
20070614,4083.21
20070615,4098.07
20070618,4218.88
20070619,4258.41
20070620,4161.62
20070621,4188.17
20070622,4017.84
20070625,3826.23
20070626,3876.84
20070627,3983.51
20070628,3795.55
20070629,3692.13
20070702,3692.67
20070703,3753.25
20070704,3671.35
20070705,3468.60
20070706,3641.07
20070709,3751.76
20070710,3699.81
20070711,3714.44
20070712,3739.77
20070713,3738.69
20070716,3618.30
20070717,3704.59
20070718,3724.47
20070719,3724.46
20070720,3882.57
20070723,4065.18
20070724,4069.38
20070725,4157.58
20070726,4211.11
20070727,4223.53
20070730,4321.41
20070731,4364.14
20070801,4188.95
20070802,4327.67
20070803,4469.75
20070806,4563.52
20070807,4575.74
20070808,4521.92
20070809,4616.66
20070810,4556.67
20070813,4561.42
20070814,4638.08
20070815,4636.34
20070816,4567.66
20070817,4476.39
20070820,4722.55
20070821,4791.21
20070822,4859.91
20070823,4937.95
20070824,4999.66
20070827,4999.19
20070828,4989.65
20070829,4925.17
20070830,5017.27
20070831,5069.04
20070903,5192.31
20070904,5138.89
20070905,5138.00
20070906,5188.23
20070907,5075.06
20070910,5161.89
20070911,4902.03
20070912,4960.85
20070913,5094.50
20070914,5149.97
20070917,5248.06
20070918,5230.08
20070919,5171.58
20070920,5242.21
20070921,5207.25
20070924,5228.74
20070925,5177.67
20070926,5097.71
20070927,5156.95
20070928,5299.03
20071008,5356.04
20071009,5379.93
20071010,5378.37
20071011,5423.68
20071012,5381.70
20071015,5451.83
20071016,5515.58
20071017,5471.04
20071018,5290.52
20071019,5283.53
20071022,5158.19
20071023,5215.38
20071024,5243.88
20071025,4994.00
20071026,5033.16
20071029,5127.96
20071030,5207.75
20071031,5310.37
20071101,5225.53
20071102,5111.13
20071105,5026.66
20071106,5004.71
20071107,5026.36
20071108,4793.22
20071109,4746.93
20071112,4700.50
20071113,4673.08
20071114,4856.30
20071115,4791.01
20071116,4731.66
20071119,4741.08
20071120,4813.79
20071121,4744.77
20071122,4539.26
20071123,4625.60
20071126,4575.22
20071127,4489.80
20071128,4435.95
20071129,4616.68
20071130,4527.45
20071203,4568.74
20071204,4620.62
20071205,4740.77
20071206,4751.68
20071207,4820.19
20071210,4909.26
20071211,4928.70
20071212,4883.16
20071213,4705.38
20071214,4798.58
20071217,4707.85
20071218,4677.92
20071219,4787.23
20071220,4871.92
20071221,4933.03
20071224,5029.57
20071225,5046.11
20071226,5096.67
20071227,5188.98
20071228,5163.53
20080102,5225.16
20080103,5264.02
20080104,5308.69
20080107,5382.69
20080108,5345.34
20080109,5432.54
20080110,5481.00
20080111,5505.81
20080114,5544.04
20080115,5517.77
20080116,5350.10
20080117,5220.88
20080118,5268.21
20080121,5017.84
20080122,4632.24
20080123,4854.72
20080124,4921.83
20080125,4960.58
20080128,4625.71
20080129,4661.96
20080130,4617.08
20080131,4515.77
20080201,4457.06
20080204,4820.10
20080205,4796.80
20080213,4703.21
20080214,4771.03
20080215,4711.10
20080218,4814.25
20080219,4913.26
20080220,4812.09
20080221,4789.76
20080222,4625.91
20080225,4449.44
20080226,4448.95
20080227,4569.73
20080228,4554.47
20080229,4604.94
20080303,4725.53
20080304,4622.12
20080305,4593.13
20080306,4640.65
20080307,4569.53
20080310,4388.16
20080311,4406.28
20080312,4276.06
20080313,4160.40
20080314,4118.22
20080317,3906.07
20080318,3697.22
20080319,3828.48
20080320,3951.26
20080321,3984.03
20080324,3822.01
20080325,3872.09
20080326,3880.14
20080327,3711.98
20080328,3870.01
20080331,3736.31
20080401,3521.64
20080402,3470.86
20080403,3568.17
20080407,3762.47
20080408,3810.46
20080409,3611.93
20080410,3678.62
20080411,3711.60
20080414,3470.67
20080415,3523.70
20080416,3437.85
20080417,3330.23
20080418,3214.75
20080421,3213.01
20080422,3233.71
20080423,3385.44
20080424,3698.82
20080425,3724.67
20080428,3659.57
20080429,3704.81
20080430,3879.38
20080505,3972.87
20080506,3933.67
20080507,3749.70
20080508,3850.23
20080509,3811.46
20080512,3845.21
20080513,3806.22
20080514,3917.72
20080515,3887.18
20080516,3870.96
20080519,3850.58
20080520,3646.72
20080521,3716.16
20080522,3652.37
20080523,3622.98
20080526,3511.97
20080527,3524.02
20080528,3621.50
20080529,3530.18
20080530,3561.11
20080602,3577.63
20080603,3567.99
20080604,3502.97
20080605,3467.99
20080606,3441.62
20080610,3160.04
20080611,3098.45
20080612,3045.30
20080613,2939.13
20080616,2909.97
20080617,2795.22
20080618,2937.98
20080619,2720.11
20080620,2792.84
20080623,2734.18
20080624,2797.85
20080625,2917.42
20080626,2928.70
20080627,2763.09
20080630,2744.48
20080701,2656.84
20080702,2662.18
20080703,2726.73
20080704,2713.84
20080707,2853.42
20080708,2870.98
20080709,2974.93
20080710,2931.97
20080711,2910.35
20080714,2936.20
20080715,2818.52
20080716,2714.33
20080717,2691.42
20080718,2786.85
20080721,2882.21
20080722,2876.59
20080723,2857.60
20080724,2946.87
20080725,2914.11
20080728,2937.15
20080729,2879.92
20080730,2860.96
20080731,2779.28
20080801,2816.90
20080804,2754.24
20080805,2689.57
20080806,2706.25
20080807,2706.78
20080808,2576.25
20080811,2440.24
20080812,2426.86
20080813,2422.97
20080814,2424.74
20080815,2429.08
20080818,2295.24
20080819,2331.11
20080820,2512.23
20080821,2423.16
20080822,2383.06
20080825,2381.00
20080826,2308.73
20080827,2299.11
20080828,2308.07
20080829,2363.34
20080901,2286.71
20080902,2267.56
20080903,2231.52
20080904,2233.88
20080905,2165.49
20080908,2106.91
20080909,2119.98
20080910,2126.76
20080911,2060.19
20080912,2064.99
20080916,1992.98
20080917,1925.80
20080918,1887.07
20080919,2064.43
20080922,2189.76
20080923,2099.59
20080924,2119.25
20080925,2199.42
20080926,2215.97
20081006,2108.66
20081007,2084.27
20081008,2007.44
20081009,1981.52
20081010,1891.16
20081013,1963.77
20081014,1912.26
20081015,1893.25
20081016,1799.41
20081017,1811.95
20081020,1872.65
20081021,1859.93
20081022,1815.51
20081023,1816.23
20081024,1768.04
20081027,1642.30
20081028,1689.70
20081029,1641.64
20081030,1677.05
20081031,1645.90
20081103,1635.66
20081104,1612.76
20081105,1674.42
20081106,1635.06
20081107,1662.04
20081110,1782.83
20081111,1762.04
20081112,1783.98
20081113,1855.59
20081114,1923.94
20081117,1974.24
20081118,1831.17
20081119,1945.29
20081120,1925.81
20081121,1911.90
20081124,1831.60
20081125,1824.91
20081126,1833.01
20081127,1859.65
20081128,1825.64
20081201,1864.14
20081202,1872.68
20081203,1954.08
20081204,1980.63
20081205,2012.47
20081208,2094.97
20081209,2039.66
20081210,2097.27
20081211,2044.66
20081212,1959.25
20081215,1977.46
20081216,1997.36
20081217,2006.40
20081218,2049.37
20081219,2059.14
20081222,2030.45
20081223,1929.07
20081224,1897.07
20081225,1882.51
20081226,1872.77
20081229,1867.20
20081230,1848.86
20081231,1832.99
20090105,1898.06
20090106,1956.99
20090107,1947.72
20090108,1903.62
20090109,1935.55
20090112,1938.88
20090113,1893.61
20090114,1970.62
20090115,1971.27
20090116,2003.68
20090119,2022.87
20090120,2036.57
20090121,2032.80
20090122,2056.86
20090123,2044.70
20090202,2072.99
20090203,2124.98
20090204,2180.74
20090205,2162.69
20090206,2247.83
20090209,2306.06
20090210,2336.09
20090211,2341.10
20090212,2336.96
20090213,2416.13
20090216,2474.71
20090217,2392.80
20090218,2285.48
20090219,2312.76
20090220,2360.94
20090223,2426.16
20090224,2317.65
20090225,2323.93
20090226,2205.37
20090227,2149.37
20090302,2175.68
20090303,2159.41
20090304,2299.87
20090305,2316.37
20090306,2296.91
20090309,2212.74
20090310,2253.06
20090311,2234.31
20090312,2229.08
20090313,2218.00
20090316,2252.30
20090317,2330.12
20090318,2340.73
20090319,2388.39
20090320,2378.29
20090323,2434.14
20090324,2449.87
20090325,2396.30
20090326,2468.77
20090327,2490.38
20090330,2480.83
20090331,2506.41
20090401,2544.55
20090402,2570.95
20090403,2563.93
20090407,2572.88
20090408,2479.09
20090409,2518.96
20090410,2593.93
20090413,2650.14
20090414,2673.60
20090415,2688.27
20090416,2687.04
20090417,2656.02
20090420,2714.50
20090421,2686.70
20090422,2584.37
20090423,2600.66
20090424,2581.72
20090427,2517.92
20090428,2529.88
20090429,2612.48
20090430,2633.90
20090504,2720.85
20090505,2733.64
20090506,2768.17
20090507,2763.65
20090508,2782.08
20090511,2716.43
20090512,2777.63
20090513,2800.43
20090514,2782.64
20090515,2791.39
20090518,2805.31
20090519,2830.65
20090520,2801.17
20090521,2738.47
20090522,2734.33
20090525,2743.24
20090526,2721.91
20090527,2756.23
20090601,2841.12
20090602,2846.10
20090603,2905.57
20090604,2916.03
20090605,2903.49
20090608,2911.64
20090609,2927.15
20090610,2958.49
20090611,2935.11
20090612,2879.50
20090615,2940.14
20090616,2934.37
20090617,2979.51
20090618,3025.03
20090619,3047.85
20090622,3044.53
20090623,3044.17
20090624,3073.42
20090625,3069.05
20090626,3077.70
20090629,3125.03
20090630,3106.46
20090701,3169.09
20090702,3208.98
20090703,3247.70
20090706,3288.82
20090707,3266.07
20090708,3274.07
20090709,3323.16
20090710,3323.86
20090713,3300.68
20090714,3386.77
20090715,3418.62
20090716,3420.29
20090717,3434.03
20090720,3497.72
20090721,3441.52
20090722,3503.32
20090723,3545.50
20090724,3553.69
20090727,3624.26
20090728,3640.77
20090729,3452.42
20090730,3525.47
20090731,3619.17
20090803,3670.70
20090804,3674.22
20090805,3640.45
20090806,3569.68
20090807,3467.83
20090810,3463.13
20090811,3477.63
20090812,3321.84
20090813,3353.28
20090814,3247.80
20090817,3055.11
20090818,3088.71
20090819,2945.19
20090820,3069.44
20090821,3130.69
20090824,3160.62
20090825,3059.92
20090826,3125.23
20090827,3115.28
20090828,3010.86
20090831,2805.43
20090901,2818.32
20090902,2860.44
20090903,3008.21
20090904,3036.55
20090907,3066.29
20090908,3126.22
20090909,3144.13
20090910,3112.51
20090911,3186.21
20090914,3242.51
20090915,3251.56
20090916,3215.75
20090917,3280.19
20090918,3165.98
20090921,3184.70
20090922,3111.51
20090923,3040.94
20090924,3050.59
20090925,3032.34
20090928,2951.89
20090929,2945.57
20090930,2974.68
20091009,3125.02
20091012,3118.14
20091013,3162.94
20091014,3187.49
20091015,3198.16
20091016,3199.70
20091019,3277.59
20091020,3328.28
20091021,3315.53
20091022,3299.29
20091023,3358.80
20091026,3363.14
20091027,3272.01
20091028,3287.32
20091029,3216.17
20091030,3252.56
20091102,3365.56
20091103,3411.01
20091104,3430.82
20091105,3443.92
20091106,3457.85
20091109,3471.49
20091110,3480.95
20091111,3476.60
20091112,3484.36
20091113,3510.09
20091116,3610.30
20091117,3614.91
20091118,3618.38
20091119,3637.72
20091120,3629.09
20091123,3668.79
20091124,3535.64
20091125,3623.71
20091126,3475.69
20091127,3385.60
20091130,3519.33
20091201,3576.24
20091202,3609.57
20091203,3604.55
20091204,3637.01
20091207,3667.15
20091208,3625.60
20091209,3561.95
20091210,3586.50
20091211,3584.10
20091214,3613.55
20091215,3595.25
20091216,3574.37
20091217,3490.30
20091218,3403.80
20091221,3414.05
20091222,3329.38
20091223,3366.48
20091224,3468.19
20091225,3461.01
20091228,3514.53
20091229,3537.25
20091230,3585.64
20091231,3605.70
20100104,3576.41
20100105,3605.88
20100106,3582.73
20100107,3508.61
20100108,3523.95
20100111,3533.43
20100112,3591.51
20100113,3494.25
20100114,3553.33
20100115,3566.95
20100118,3592.41
20100119,3596.13
20100120,3476.27
20100121,3492.08
20100122,3443.11
20100125,3401.34
20100126,3314.04
20100127,3272.93
20100128,3290.72
20100129,3296.25
20100201,3249.69
20100202,3239.55
20100203,3314.98
20100204,3311.13
20100205,3246.67
20100208,3243.85
20100209,3259.36
20100210,3304.30
20100211,3306.50
20100212,3340.35
20100222,3325.72
20100223,3304.73
20100224,3354.08
20100225,3401.04
20100226,3393.73
20100301,3435.81
20100302,3425.92
20100303,3454.35
20100304,3359.89
20100305,3370.20
20100308,3397.86
20100309,3410.99
20100310,3381.73
20100311,3374.88
20100312,3330.22
20100315,3284.13
20100316,3306.33
20100317,3381.46
20100318,3376.10
20100319,3399.99
20100322,3413.09
20100323,3384.73
20100324,3389.79
20100325,3343.02
20100326,3390.87
20100329,3465.11
20100330,3474.65
20100331,3458.85
20100401,3505.28
20100402,3518.28
20100406,3516.54
20100407,3504.35
20100408,3472.34
20100409,3511.35
20100412,3499.68
20100413,3525.98
20100414,3543.00
20100415,3525.82
20100416,3492.53
20100419,3319.59
20100420,3331.51
20100421,3404.44
20100422,3375.44
20100423,3356.60
20100426,3344.26
20100427,3273.23
20100428,3255.82
20100429,3206.05
20100430,3194.53
20100504,3155.86
20100505,3186.56
20100506,3051.17
20100507,2994.88
20100510,2999.83
20100511,2935.92
20100512,2939.77
20100513,3013.33
20100514,3001.51
20100517,2839.35
20100518,2890.35
20100519,2884.40
20100520,2844.44
20100521,2887.95
20100524,2998.06
20100525,2944.58
20100526,2947.05
20100527,2994.39
20100528,2990.38
20100531,2911.04
20100601,2876.49
20100602,2894.01
20100603,2875.59
20100604,2886.94
20100607,2844.55
20100608,2851.94
20100609,2932.60
20100610,2908.28
20100611,2910.09
20100617,2888.10
20100618,2825.24
20100621,2910.20
20100622,2918.05
20100623,2894.15
20100624,2894.83
20100625,2869.82
20100628,2843.92
20100629,2712.49
20100630,2684.51
20100701,2644.54
20100702,2645.43
20100705,2625.92
20100706,2681.71
20100707,2704.60
20100708,2695.62
20100709,2770.52
20100712,2797.56
20100713,2758.26
20100714,2776.92
20100715,2728.02
20100716,2735.96
20100719,2800.69
20100720,2863.67
20100721,2871.03
20100722,2904.82
20100723,2914.34
20100726,2936.58
20100727,2925.52
20100728,2994.85
20100729,3009.46
20100730,3000.24
20100802,3052.22
20100803,2998.47
20100804,3014.68
20100805,2999.67
20100806,3050.90
20100809,3076.09
20100810,2981.91
20100811,3002.99
20100812,2965.95
20100813,3009.26
20100816,3079.19
20100817,3100.64
20100818,3095.18
20100819,3109.36
20100820,3048.80
20100823,3053.71
20100824,3073.39
20100825,3006.96
20100826,3017.88
20100827,3028.56
20100830,3091.81
20100831,3086.88
20100901,3062.18
20100902,3106.19
20100903,3112.84
20100906,3155.34
20100907,3164.77
20100908,3167.21
20100909,3111.94
20100910,3125.91
20100913,3162.69
20100914,3170.47
20100915,3117.92
20100916,3055.28
20100917,3059.89
20100920,3044.70
20100921,3049.90
20100927,3105.06
20100928,3083.54
20100929,3068.44
20100930,3125.96
20101008,3229.33
20101011,3300.22
20101012,3332.31
20101013,3370.14
20101014,3350.26
20101015,3435.01
20101018,3408.22
20101019,3490.31
20101020,3517.90
20101021,3498.06
20101022,3508.58
20101025,3607.23
20101026,3599.71
20101027,3538.57
20101028,3532.10
20101029,3526.78
20101101,3623.33
20101102,3608.83
20101103,3566.81
20101104,3635.94
20101105,3682.67
20101108,3724.45
20101109,3709.14
20101110,3691.22
20101111,3696.42
20101112,3474.60
20101115,3520.21
20101116,3380.51
20101117,3292.29
20101118,3337.74
20101119,3388.37
20101122,3391.03
20101123,3325.33
20101124,3404.96
20101125,3449.40
20101126,3424.44
20101129,3429.28
20101130,3366.10
20101201,3362.90
20101202,3378.31
20101203,3374.92
20101206,3368.88
20101207,3408.74
20101208,3385.67
20101209,3333.42
20101210,3374.63
20101213,3477.24
20101214,3493.04
20101215,3469.07
20101216,3453.24
20101217,3450.19
20101220,3400.72
20101221,3463.25
20101222,3427.32
20101223,3389.75
20101224,3356.05
20101227,3285.16
20101228,3225.74
20101229,3254.09
20101230,3258.79
20101231,3325.14
20110104,3378.00
20110105,3367.17
20110106,3346.81
20110107,3351.11
20110110,3282.26
20110111,3289.64
20110112,3306.69
20110113,3308.21
20110114,3255.20
20110117,3134.00
20110118,3142.21
20110119,3212.04
20110120,3105.92
20110121,3139.91
20110124,3102.18
20110125,3083.89
20110126,3127.98
20110127,3181.11
20110128,3197.12
20110131,3238.05
20110201,3237.95
20110209,3208.31
20110210,3277.96
20110211,3296.65
20110214,3388.47
20110215,3385.37
20110216,3421.26
20110217,3424.45
20110218,3390.70
20110221,3441.35
20110222,3344.85
20110223,3362.41
20110224,3380.18
20110225,3389.24
20110228,3434.77
20110301,3450.55
20110302,3439.78
20110303,3412.98
20110304,3460.69
20110307,3521.46
20110308,3528.50
20110309,3531.72
20110310,3475.96
20110311,3448.54
20110314,3470.91
20110315,3413.16
20110316,3459.80
20110317,3404.95
20110318,3421.50
20110321,3407.22
20110322,3422.66
20110323,3463.50
20110324,3452.57
20110325,3490.65
20110328,3480.50
20110329,3441.61
20110330,3435.28
20110331,3401.61
20110401,3447.59
20110406,3473.80
20110407,3491.56
20110408,3524.69
20110411,3502.93
20110412,3502.50
20110413,3546.85
20110414,3529.04
20110415,3528.78
20110418,3530.71
20110419,3471.24
20110420,3476.87
20110421,3500.14
20110422,3485.14
20110425,3432.41
20110426,3402.92
20110427,3382.76
20110428,3322.82
20110429,3359.44
20110503,3386.81
20110504,3304.67
20110505,3302.99
20110506,3304.20
20110509,3317.29
20110510,3338.92
20110511,3332.25
20110512,3285.83
20110513,3310.11
20110516,3284.08
20110517,3294.85
20110518,3320.65
20110519,3301.68
20110520,3298.65
20110523,3193.32
20110524,3194.68
20110525,3155.73
20110526,3138.73
20110527,3109.78
20110530,3096.27
20110531,3150.15
20110601,3159.34
20110602,3110.61
20110603,3145.23
20110607,3164.09
20110608,3167.11
20110609,3106.15
20110610,3116.92
20110613,3104.33
20110614,3149.03
20110615,3118.75
20110616,3070.26
20110617,3041.05
20110620,3015.99
20110621,3052.08
20110622,3051.88
20110623,3104.20
20110624,3176.48
20110627,3188.96
20110628,3192.93
20110629,3149.87
20110630,3195.32
20110701,3200.74
20110704,3276.69
20110705,3279.66
20110706,3276.49
20110707,3266.26
20110708,3270.09
20110711,3281.32
20110712,3225.98
20110713,3278.99
20110714,3291.41
20110715,3309.42
20110718,3304.05
20110719,3270.16
20110720,3267.53
20110721,3233.88
20110722,3244.34
20110725,3138.60
20110726,3149.02
20110727,3175.93
20110728,3153.23
20110729,3138.43
20110801,3144.43
20110802,3119.99
20110803,3119.35
20110804,3127.57
20110805,3063.34
20110808,2947.83
20110809,2949.15
20110810,2979.74
20110811,3025.67
20110812,3040.21
20110815,3084.04
20110816,3062.62
20110817,3050.42
20110818,2996.89
20110819,2968.33
20110822,2937.25
20110823,2983.10
20110824,2974.22
20110825,3061.98
20110826,3061.16
20110829,3016.91
20110830,3003.92
20110831,3006.46
20110901,2992.39
20110902,2960.15
20110905,2896.25
20110906,2872.35
20110907,2929.80
20110908,2905.83
20110909,2897.18
20110913,2861.50
20110914,2875.97
20110915,2872.72
20110916,2876.55
20110919,2821.77
20110920,2833.74
20110921,2918.01
20110922,2831.71
20110923,2814.18
20110926,2755.16
20110927,2781.15
20110928,2751.05
20110929,2714.61
20110930,2707.80
20111010,2686.48
20111011,2680.97
20111012,2775.01
20111013,2798.37
20111014,2788.06
20111017,2803.11
20111018,2728.17
20111019,2717.07
20111020,2647.47
20111021,2629.68
20111024,2697.43
20111025,2751.02
20111026,2778.84
20111027,2786.11
20111028,2839.65
20111031,2831.53
20111101,2835.57
20111102,2886.32
20111103,2890.75
20111104,2909.82
20111107,2884.56
20111108,2869.68
20111109,2899.15
20111110,2848.63
20111111,2843.06
20111114,2902.25
20111115,2901.35
20111116,2824.44
20111117,2816.50
20111118,2754.95
20111121,2755.96
20111122,2756.06
20111123,2734.76
20111124,2739.47
20111125,2719.72
20111128,2723.15
20111129,2759.81
20111130,2666.11
20111201,2726.58
20111202,2694.22
20111205,2644.80
20111206,2640.13
20111207,2652.83
20111208,2650.41
20111209,2627.55
20111212,2602.38
20111213,2540.71
20111214,2514.09
20111215,2455.66
20111216,2508.89
20111219,2506.20
20111220,2499.01
20111221,2458.79
20111222,2455.71
20111223,2474.48
20111226,2451.81
20111227,2414.51
20111228,2414.02
20111229,2420.18
20111230,2455.94
20120104,2405.48
20120105,2371.20
20120106,2385.19
20120109,2465.49
20120110,2548.99
20120111,2538.26
20120112,2536.15
20120113,2485.18
20120116,2431.85
20120117,2549.87
20120118,2505.84
20120119,2548.84
20120120,2586.49
20120130,2547.66
20120131,2550.94
20120201,2519.90
20120202,2576.06
20120203,2600.51
20120206,2604.43
20120207,2557.87
20120208,2626.44
20120209,2630.26
20120210,2634.48
20120213,2639.64
20120214,2629.84
20120215,2661.37
20120216,2649.54
20120217,2649.00
20120220,2652.59
20120221,2675.58
20120222,2711.97
20120223,2719.94
20120224,2758.58
20120227,2767.80
20120228,2771.09
20120229,2743.03
20120301,2744.61
20120302,2789.51
20120305,2772.81
20120306,2731.53
20120307,2714.50
20120308,2747.43
20120309,2780.04
20120312,2776.51
20120313,2803.09
20120314,2719.69
20120315,2700.84
20120316,2744.96
20120319,2752.49
20120320,2702.08
20120321,2703.25
20120322,2697.95
20120323,2664.20
20120326,2667.02
20120327,2658.84
20120328,2577.50
20120329,2542.52
20120330,2551.22
20120405,2613.03
20120406,2620.70
20120409,2595.92
20120410,2619.57
20120411,2621.74
20120412,2673.25
20120413,2686.07
20120416,2681.12
20120417,2649.80
20120418,2706.34
20120419,2702.18
20120420,2730.54
20120423,2709.69
20120424,2704.75
20120425,2729.00
20120426,2728.91
20120427,2721.29
20120502,2774.75
20120503,2782.74
20120504,2807.73
20120507,2814.46
20120508,2807.14
20120509,2755.23
20120510,2755.69
20120511,2737.72
20120514,2717.59
20120515,2719.16
20120516,2677.89
20120517,2714.85
20120518,2674.57
20120521,2686.76
20120522,2724.90
20120523,2712.14
20120524,2690.57
20120525,2664.76
20120528,2706.48
20120529,2741.30
20120530,2735.37
20120531,2727.11
20120601,2726.18
20120604,2650.74
20120605,2653.18
20120606,2652.03
20120607,2634.11
20120608,2615.65
20120611,2649.10
20120612,2630.54
20120613,2674.98
20120614,2657.71
20120615,2665.28
20120618,2680.80
20120619,2660.50
20120620,2655.16
20120621,2616.33
20120625,2564.09
20120626,2559.71
20120627,2551.82
20120628,2527.53
20120629,2562.16
20120702,2567.90
20120703,2571.44
20120704,2564.52
20120705,2527.99
20120706,2569.74
20120709,2511.59
20120710,2502.57
20120711,2523.80
20120712,2543.67
20120713,2543.86
20120716,2485.76
20120717,2498.50
20120718,2502.91
20120719,2518.04
20120720,2494.11
20120723,2460.78
20120724,2470.81
20120725,2457.41
20120726,2445.87
20120727,2445.81
20120730,2428.31
20120731,2419.71
20120801,2449.61
20120802,2434.50
20120803,2456.40
20120806,2490.79
20120807,2497.13
20120808,2493.01
20120809,2517.94
20120810,2508.32
20120813,2463.73
20120814,2471.49
20120815,2445.85
20120816,2433.08
20120817,2426.43
20120820,2418.68
20120821,2436.35
20120822,2418.84
20120823,2425.95
20120824,2395.80
20120827,2346.24
20120828,2357.62
20120829,2336.49
20120830,2324.68
20120831,2319.52
20120903,2344.92
20120904,2321.94
20120905,2319.26
20120906,2339.21
20120907,2435.64
20120910,2444.64
20120911,2430.37
20120912,2440.34
20120913,2417.21
20120914,2432.86
20120917,2374.62
20120918,2352.44
20120919,2364.92
20120920,2311.29
20120921,2309.49
20120924,2324.53
20120925,2317.14
20120926,2286.87
20120927,2350.55
20120928,2392.24
20121008,2370.64
20121009,2422.92
20121010,2429.28
20121011,2405.15
20121012,2403.84
20121015,2394.39
20121016,2398.50
20121017,2401.72
20121018,2436.98
20121019,2433.60
20121022,2441.34
20121023,2412.54
20121024,2412.28
20121025,2395.14
20121026,2350.34
20121029,2339.21
20121030,2340.41
20121031,2354.32
20121101,2395.23
20121102,2403.97
20121105,2400.40
20121106,2388.76
20121107,2386.67
20121108,2343.85
20121109,2338.44
20121112,2347.45
20121113,2309.40
20121114,2319.79
20121115,2288.70
20121116,2271.02
20121119,2267.96
20121120,2258.72
20121121,2285.80
20121122,2266.77
20121123,2282.08
20121126,2264.41
20121127,2232.06
20121128,2208.01
20121129,2198.36
20121130,2223.40
20121203,2189.48
20121204,2211.85
20121205,2288.36
20121206,2284.13
20121207,2328.31
20121210,2354.31
20121211,2339.85
20121212,2348.21
20121213,2321.91
20121214,2432.01
20121217,2444.23
20121218,2447.50
20121219,2452.36
20121220,2463.36
20121221,2453.09
20121224,2462.22
20121225,2527.79
20121226,2539.98
20121227,2525.92
20121228,2557.62
20121231,2598.01
20130104,2596.53
20130107,2614.78
20130108,2611.98
20130109,2611.89
20130110,2618.16
20130111,2571.25
20130114,2664.92
20130115,2688.30
20130116,2672.70
20130117,2644.94
20130118,2687.56
20130121,2706.91
20130122,2688.98
20130123,2702.34
20130124,2672.08
20130125,2664.57
20130128,2741.47
20130129,2763.05
20130130,2774.10
20130131,2773.42
20130201,2824.81
20130204,2825.93
20130205,2850.31
20130206,2857.18
20130207,2844.17
20130208,2862.63
20130218,2840.32
20130219,2789.58
20130220,2814.31
20130221,2725.71
20130222,2710.35
20130225,2722.70
20130226,2685.10
20130227,2704.45
20130228,2780.63
20130301,2783.77
20130304,2669.09
20130305,2746.93
20130306,2782.25
20130307,2746.61
20130308,2733.59
20130311,2719.27
20130312,2674.47
20130313,2647.48
20130314,2655.86
20130315,2663.30
20130318,2624.87
20130319,2641.32
20130320,2725.50
20130321,2736.80
20130322,2740.36
20130325,2734.45
20130326,2700.19
20130327,2707.48
20130328,2624.66
20130329,2623.41
20130401,2623.79
20130402,2606.78
20130403,2604.19
20130408,2599.34
20130409,2617.13
20130410,2613.16
20130411,2607.40
20130412,2591.96
20130415,2562.44
20130416,2582.04
20130417,2585.95
20130418,2592.73
20130419,2661.03
20130422,2665.59
20130423,2586.03
20130424,2635.75
20130425,2604.58
20130426,2577.29
20130502,2582.42
20130503,2627.53
20130506,2665.20
20130507,2669.99
20130508,2688.61
20130509,2678.25
20130510,2690.59
20130513,2686.28
20130514,2647.50
20130515,2668.40
20130516,2707.61
20130517,2747.79
20130520,2771.77
20130521,2784.53
20130522,2779.30
20130523,2745.46
20130524,2765.71
20130527,2772.41
20130528,2804.79
20130529,2807.83
20130530,2803.39
20130531,2778.53
20130603,2771.00
20130604,2729.76
20130605,2726.18
20130606,2691.71
20130607,2646.96
20130613,2567.69
20130614,2593.84
20130617,2585.30
20130618,2599.53
20130619,2580.23
20130620,2495.31
20130621,2488.85
20130624,2338.23
20130625,2337.71
20130626,2351.42
20130627,2337.62
20130628,2367.15
20130701,2389.84
20130702,2406.49
20130703,2396.96
20130704,2411.35
20130705,2408.33
20130708,2337.89
20130709,2343.48
20130710,2405.84
20130711,2501.91
20130712,2458.12
20130715,2496.73
20130716,2511.76
20130717,2474.87
20130718,2446.48
20130719,2391.93
20130722,2413.28
20130723,2476.93
20130724,2470.17
20130725,2446.03
20130726,2436.81
20130729,2388.66
20130730,2392.44
20130731,2395.88
20130801,2456.42
20130802,2457.86
20130805,2491.96
20130806,2512.12
20130807,2492.29
20130808,2491.45
20130809,2497.15
20130812,2556.42
20130813,2567.24
20130814,2560.08
20130815,2531.31
20130816,2501.63
20130819,2540.56
20130820,2525.72
20130821,2526.01
20130822,2527.30
20130823,2514.85
20130826,2566.17
20130827,2576.54
20130828,2561.65
20130829,2553.02
20130830,2541.86
20130902,2553.06
20130903,2589.84
20130904,2590.16
20130905,2588.62
20130906,2610.43
20130909,2685.35
20130910,2718.90
20130911,2716.33
20130912,2738.20
20130913,2725.93
20130916,2721.49
20130917,2669.38
20130918,2680.14
20130923,2728.23
20130924,2706.84
20130925,2693.93
20130926,2642.46
20130927,2653.80
20130930,2680.71
20131008,2717.86
20131009,2739.08
20131010,2712.76
20131011,2757.08
20131014,2768.62
20131015,2763.41
20131016,2705.04
20131017,2692.37
20131018,2708.01
20131021,2764.75
20131022,2729.55
20131023,2686.76
20131024,2666.43
20131025,2622.05
20131028,2619.84
20131029,2609.66
20131030,2649.63
20131031,2608.29
20131101,2613.79
20131104,2614.25
20131105,2627.09
20131106,2593.27
20131107,2573.64
20131108,2537.70
20131111,2548.19
20131112,2573.67
20131113,2519.78
20131114,2545.27
20131115,2594.79
20131118,2675.80
20131119,2664.54
20131120,2682.02
20131121,2670.97
20131122,2657.01
20131125,2650.44
20131126,2650.30
20131127,2682.31
20131128,2706.76
20131129,2713.05
20131202,2658.60
20131203,2690.17
20131204,2728.63
20131205,2716.73
20131206,2702.71
20131209,2708.46
20131210,2709.52
20131211,2671.03
20131212,2672.38
20131213,2669.60
20131216,2627.18
20131217,2614.19
20131218,2612.97
20131219,2586.43
20131220,2535.58
20131223,2540.15
20131224,2549.10
20131225,2570.94
20131226,2526.69
20131227,2569.32
20131230,2568.37
20131231,2595.85
20140102,2597.00
20140103,2568.51
20140106,2508.16
20140107,2515.66
20140108,2527.20
20140109,2500.38
20140110,2474.64
20140113,2464.55
20140114,2494.69
20140115,2496.49
20140116,2495.34
20140117,2461.75
20140120,2446.49
20140121,2476.08
20140122,2536.03
20140123,2533.49
20140124,2550.94
20140127,2524.85
20140128,2525.60
20140129,2541.40
20140130,2517.99
20140207,2539.43
20140210,2602.28
20140211,2615.25
20140212,2628.13
20140213,2606.69
20140214,2632.27
20140217,2661.76
20140218,2638.79
20140219,2659.29
20140220,2629.89
20140221,2610.14
20140224,2573.48
20140225,2498.85
20140226,2504.01
20140227,2485.98
20140228,2511.36
20140303,2536.64
20140304,2529.34
20140305,2510.13
20140306,2515.70
20140307,2510.18
20140310,2425.83
20140311,2432.56
20140312,2436.21
20140313,2468.40
20140314,2450.61
20140317,2482.42
20140318,2482.87
20140319,2463.37
20140320,2415.27
20140321,2484.16
20140324,2495.38
20140325,2494.41
20140326,2494.63
20140327,2469.68
20140328,2454.94
20140331,2446.95
20140401,2472.03
20140402,2481.60
20140403,2467.18
20140404,2491.89
20140408,2542.92
20140409,2551.03
20140410,2588.07
20140411,2582.35
20140414,2583.61
20140415,2545.82
20140416,2546.61
20140417,2540.05
20140418,2542.80
20140421,2502.94
20140422,2504.04
20140423,2500.14
20140424,2488.01
20140425,2452.49
20140428,2406.64
20140429,2435.92
20140430,2443.68
20140505,2447.73
20140506,2453.75
20140507,2424.22
20140508,2420.25
20140509,2410.89
20140512,2463.22
20140513,2458.44
20140514,2455.63
20140515,2423.21
20140516,2420.54
20140519,2390.44
20140520,2392.94
20140521,2414.30
20140522,2411.59
20140523,2432.87
20140526,2448.85
20140527,2438.64
20140528,2467.63
20140529,2450.30
20140530,2454.06
20140603,2447.41
20140604,2424.93
20140605,2453.01
20140606,2436.97
20140609,2430.43
20140610,2461.86
20140611,2465.85
20140612,2459.06
20140613,2486.74
20140616,2504.48
20140617,2478.88
20140618,2465.05
20140619,2420.71
20140620,2434.57
20140623,2438.32
20140624,2451.50
20140625,2436.68
20140626,2458.11
20140627,2462.31
20140630,2481.27
20140701,2483.81
20140702,2493.76
20140703,2506.55
20140704,2501.67
20140707,2496.93
20140708,2505.57
20140709,2468.20
20140710,2460.41
20140711,2468.38
20140714,2496.12
20140715,2497.58
20140716,2485.58
20140717,2468.77
20140718,2473.40
20140721,2475.33
20140722,2506.69
20140723,2503.45
20140724,2530.77
20140725,2556.23
20140728,2620.27
20140729,2633.49
20140730,2628.38
20140731,2655.67
20140801,2633.08
20140804,2679.02
20140805,2680.01
20140806,2677.71
20140807,2641.04
20140808,2649.96
20140811,2689.36
20140812,2684.29
20140813,2680.89
20140814,2658.93
20140815,2686.05
20140818,2708.95
20140819,2711.93
20140820,2702.27
20140821,2695.22
20140822,2708.58
20140825,2683.08
20140826,2655.12
20140827,2662.65
20140828,2641.35
20140829,2673.75
20140901,2702.35
20140902,2738.13
20140903,2762.69
20140904,2783.64
20140905,2807.01
20140909,2810.11
20140910,2801.76
20140911,2793.68
20140912,2814.11
20140915,2816.29
20140916,2752.03
20140917,2766.49
20140918,2778.25
20140919,2798.28
20140922,2747.54
20140923,2773.75
20140924,2816.06
20140925,2812.12
20140926,2815.21
20140929,2830.44
20140930,2839.25
20141008,2875.10
20141009,2882.23
20141010,2863.70
20141013,2850.35
20141014,2839.75
20141015,2857.89
20141016,2831.38
20141017,2820.16
20141020,2841.92
20141021,2815.91
20141022,2798.58
20141023,2769.24
20141024,2766.85
20141027,2757.34
20141028,2813.33
20141029,2850.25
20141030,2867.04
20141031,2895.06
20141103,2907.19
20141104,2901.74
20141105,2889.20
20141106,2896.83
20141107,2881.52
20141110,2940.47
20141111,2908.65
20141112,2948.00
20141113,2927.59
20141114,2929.22
20141117,2925.93
20141118,2906.34
20141119,2907.15
20141120,2902.55
20141121,2943.41
20141124,3000.38
20141125,3045.84
20141126,3073.88
20141127,3095.31
20141128,3140.80
20141201,3144.50
20141202,3232.11
20141203,3278.98
20141204,3399.92
20141205,3388.53
20141208,3497.92
20141209,3353.56
20141210,3489.61
20141211,3478.88
20141212,3490.67
20141215,3525.24
20141216,3584.65
20141217,3619.93
20141218,3631.23
20141219,3667.57
20141222,3648.54
20141223,3566.78
20141224,3505.49
20141225,3606.11
20141226,3693.35
20141229,3694.14
20141230,3679.17
20141231,3746.14
20150105,3857.54
20150106,3884.42
20150107,3881.12
20150108,3809.79
20150109,3796.30
20150112,3762.28
20150113,3780.48
20150114,3760.04
20150115,3851.01
20150116,3896.41
20150119,3628.98
20150120,3706.50
20150121,3850.84
20150122,3877.43
20150123,3866.58
20150126,3913.78
20150127,3892.56
20150128,3843.10
20150129,3800.54
20150130,3745.07
20150202,3674.96
20150203,3763.71
20150204,3730.80
20150205,3695.04
20150206,3630.36
20150209,3646.00
20150210,3712.35
20150211,3749.67
20150212,3765.02
20150213,3800.15
20150216,3849.94
20150217,3875.46
20150225,3837.52
20150226,3911.92
20150227,3930.60
20150302,3972.97
20150303,3891.65
20150304,3926.74
20150305,3892.90
20150306,3862.93
20150309,3934.57
20150310,3935.70
20150311,3936.95
20150312,3990.96
20150313,4028.88
20150316,4136.91
20150317,4190.21
20150318,4284.20
20150319,4287.60
20150320,4333.25
20150323,4429.87
20150324,4448.17
20150325,4431.93
20150326,4426.27
20150327,4451.62
20150330,4556.91
20150331,4528.10
20150401,4617.73
20150402,4643.23
20150403,4694.84
20150407,4795.35
20150408,4796.43
20150409,4749.48
20150410,4854.27
20150413,4951.73
20150414,4968.54
20150415,4878.03
20150416,5017.91
20150417,5107.30
20150420,5044.92
20150421,5162.87
20150422,5288.80
20150423,5304.67
20150424,5289.28
20150427,5403.48
20150428,5309.75
20150429,5368.61
20150430,5359.65
20150504,5405.22
20150505,5193.19
20150506,5144.71
20150507,5029.32
20150508,5162.72
20150511,5335.14
20150512,5419.19
20150513,5399.65
20150514,5375.81
20150515,5302.75
20150518,5304.98
20150519,5458.26
20150520,5512.79
20150521,5640.40
20150522,5750.79
20150525,5910.57
20150526,6053.90
20150527,6046.55
20150528,5658.40
20150529,5687.78
20150601,5966.58
20150602,6105.35
20150603,6099.10
20150604,6117.07
20150605,6176.09
20150608,6248.44
20150609,6220.50
20150610,6247.67
20150611,6270.62
20150612,6321.03
20150615,6189.51
20150616,5977.29
20150617,6082.19
20150618,5839.51
20150619,5482.04
20150623,5624.92
20150624,5733.82
20150625,5520.31
20150626,5084.98
20150629,4876.39
20150630,5182.96
20150701,4930.14
20150702,4724.71
20150703,4465.12
20150706,4527.61
20150707,4413.28
20150708,4158.71
20150709,4397.54
20150710,4617.89
20150713,4768.93
20150714,4716.67
20150715,4542.43
20150716,4591.75
20150717,4787.14
20150720,4823.75
20150721,4840.85
20150722,4851.69
20150723,4963.69
20150724,4884.10
20150727,4484.08
20150728,4431.05
20150729,4592.54
20150730,4462.83
20150731,4442.84
20150803,4409.37
20150804,4578.09
20150805,4497.82
20150806,4464.46
20150807,4568.44
20150810,4778.07
20150811,4769.55
20150812,4706.39
20150813,4785.41
20150814,4786.99
20150817,4811.18
20150818,4501.39
20150819,4580.89
20150820,4441.52
20150821,4234.67
20150824,3877.20
20150825,3603.35
20150826,3550.64
20150827,3734.88
20150828,3907.50
20150831,3888.66
20150901,3822.04
20150902,3808.26
20150907,3718.95
20150908,3827.11
20150909,3910.72
20150910,3863.79
20150911,3866.42
20150914,3757.52
20150915,3601.66
20150916,3789.59
20150917,3716.91
20150918,3744.54
20150921,3826.92
20150922,3852.71
20150923,3780.67
20150924,3811.22
20150925,3736.89
20150928,3767.79
20150929,3696.11
20150930,3719.39
20151008,3834.17
20151009,3884.11
20151012,4010.97
20151013,4021.72
20151014,3976.79
20151015,4075.89
20151016,4128.46
20151019,4120.39
20151020,4176.75
20151021,4030.38
20151022,4107.30
20151023,4169.25
20151026,4188.41
20151027,4204.23
20151028,4121.57
20151029,4137.68
20151030,4132.92
20151102,4062.59
20151103,4049.31
20151104,4235.35
20151105,4294.27
20151106,4386.37
20151109,4447.41
20151110,4439.34
20151111,4450.19
20151112,4412.13
20151113,4343.33
20151116,4382.92
20151117,4361.76
20151118,4310.75
20151119,4389.22
20151120,4406.45
20151123,4379.40
20151124,4384.48
20151125,4429.31
20151126,4401.67
20151127,4163.29
20151130,4170.38
20151201,4191.32
20151202,4287.67
20151203,4336.08
20151204,4266.76
20151207,4292.09
20151208,4210.24
20151209,4213.54
20151210,4205.34
20151211,4183.58
20151214,4275.66
20151215,4274.35
20151216,4270.81
20151217,4356.96
20151218,4369.33
20151221,4467.50
20151222,4486.12
20151223,4455.26
20151224,4431.41
20151225,4444.89
20151228,4332.77
20151229,4367.41
20151230,4385.42
20151231,4337.75
20160104,4027.60
20160105,4019.86
20160106,4096.09
20160107,3807.74
20160108,3869.99
20160111,3665.75
20160112,3686.68
20160113,3601.06
20160114,3689.57
20160115,3570.15
20160118,3599.00
20160119,3707.88
20160120,3653.89
20160121,3539.21
20160122,3580.02
20160125,3599.24
20160126,3375.81
20160127,3361.76
20160128,3261.12
20160129,3366.62
20160201,3318.80
20160202,3398.02
20160203,3388.47
20160204,3436.25
20160205,3416.33
20160215,3405.87
20160216,3516.93
20160217,3548.58
20160218,3534.73
20160219,3537.78
20160222,3608.26
20160223,3575.60
20160224,3597.78
20160225,3369.64
20160226,3392.41
20160229,3283.99
20160301,3341.94
20160302,3476.12
20160303,3486.24
20160304,3491.78
20160307,3520.36
20160308,3532.09
20160309,3485.73
20160310,3423.68
20160311,3425.13
20160314,3491.81
20160315,3492.90
20160316,3498.50
20160317,3555.51
20160318,3621.58
20160321,3698.89
20160322,3680.81
20160323,3695.81
20160324,3640.52
20160325,3660.28
20160328,3632.01
20160329,3582.50
20160330,3682.87
20160331,3686.93
20160401,3687.15
20160405,3746.09
20160406,3746.26
20160407,3690.22
20160408,3662.94
20160411,3717.26
20160412,3703.16
20160413,3750.54
20160414,3770.23
20160415,3765.99
20160418,3714.85
20160419,3725.21
20160420,3634.86
20160421,3610.90
20160422,3628.71
20160425,3613.43
20160426,3637.13
20160427,3622.65
20160428,3614.53
20160429,3611.11
20160503,3687.06
20160504,3682.23
20160505,3689.35
20160506,3582.94
20160509,3495.87
20160510,3498.82
20160511,3507.43
20160512,3512.57
20160513,3496.97
20160516,3527.50
20160517,3521.05
20160518,3480.27
20160519,3480.84
20160520,3504.11
20160523,3522.12
20160524,3492.58
20160525,3485.42
20160526,3493.41
20160527,3491.38
20160530,3491.53
20160531,3607.10
20160601,3604.59
20160602,3615.44
20160603,3642.55
20160606,3634.98
20160607,3632.22
20160608,3617.82
20160613,3497.91
20160614,3505.84
20160615,3567.34
20160616,3545.65
20160617,3567.36
20160620,3568.90
20160621,3550.29
20160622,3586.07
20160623,3570.07
20160624,3527.39
20160627,3586.18
20160628,3607.74
20160629,3623.76
20160630,3628.75
20160701,3627.53
20160704,3684.80
20160705,3688.56
20160706,3701.30
20160707,3694.33
20160708,3676.88
20160711,3690.09
20160712,3761.39
20160713,3777.55
20160714,3774.68
20160715,3770.94
20160718,3758.15
20160719,3749.35
20160720,3738.21
20160721,3754.75
20160722,3725.76
20160725,3732.73
20160726,3778.11
20160727,3699.21
20160728,3707.60
20160729,3685.65
20160801,3646.55
20160802,3665.46
20160803,3672.38
20160804,3684.11
20160805,3680.27
20160808,3719.51
20160809,3748.87
20160810,3734.01
20160811,3708.91
20160812,3764.93
20160815,3861.78
20160816,3854.03
20160817,3858.05
20160818,3846.31
20160819,3850.38
20160822,3816.12
20160823,3821.63
20160824,3816.18
20160825,3788.56
20160826,3794.20
20160829,3796.30
20160830,3800.26
20160831,3809.96
20160901,3785.67
20160902,3791.82
20160905,3802.36
20160906,3837.63
20160907,3838.40
20160908,3841.87
20160909,3816.51
20160912,3743.68
20160913,3745.07
20160914,3720.09
20160919,3751.68
20160920,3744.42
20160921,3752.38
20160922,3779.55
20160923,3766.71
20160926,3699.42
20160927,3721.50
20160928,3712.19
20160929,3724.76
20160930,3736.26
20161010,3796.48
20161011,3814.23
20161012,3808.54
20161013,3809.35
20161014,3809.09
20161017,3776.52
20161018,3824.30
20161019,3817.95
20161020,3820.58
20161021,3824.58
20161024,3864.08
20161025,3868.64
20161026,3851.74
20161027,3839.09
20161028,3823.34
20161031,3816.12
20161101,3844.12
20161102,3811.75
20161103,3840.27
20161104,3826.86
20161107,3828.17
20161108,3847.00
20161109,3826.30
20161110,3868.23
20161111,3888.52
20161114,3903.61
20161115,3910.54
20161116,3911.18
20161117,3915.79
20161118,3898.12
20161121,3918.70
20161122,3947.14
20161123,3947.67
20161124,3953.74
20161125,3985.15
20161128,4005.39
20161129,4031.33
20161130,4006.84
20161201,4028.57
20161202,3984.82
20161205,3935.15
20161206,3928.56
20161207,3950.88
20161208,3943.21
20161209,3959.09
20161212,3848.87
20161213,3848.08
20161214,3819.23
20161215,3789.14
20161216,3800.06
20161219,3783.29
20161220,3762.64
20161221,3796.47
20161222,3794.59
20161223,3764.91
20161226,3779.99
20161227,3773.76
20161228,3757.96
20161229,3753.87
20161230,3764.99
20170103,3799.11
20170104,3833.75
20170105,3835.85
20170106,3815.60
20170109,3837.49
20170110,3829.23
20170111,3803.52
20170112,3780.44
20170113,3771.82
20170116,3750.79
20170117,3767.17
20170118,3776.22
20170119,3763.36
20170120,3796.81
20170123,3811.05
20170124,3808.93
20170125,3822.23
20170126,3839.38
20170203,3816.10
20170206,3831.86
20170207,3823.44
20170208,3840.79
20170209,3857.26
20170210,3872.01
20170213,3895.22
20170214,3895.16
20170215,3874.53
20170216,3896.44
20170217,3870.44
20170220,3924.93
20170221,3941.84
20170222,3952.88
20170223,3940.82
20170224,3943.48
20170227,3914.41
20170228,3922.06
20170301,3930.01
20170302,3904.14
20170303,3902.19
20170306,3926.95
20170307,3935.93
20170308,3928.29
20170309,3903.82
20170310,3904.98
20170313,3938.98
20170314,3936.17
20170315,3944.28
20170316,3964.11
20170317,3927.18
20170320,3937.33
20170321,3958.58
20170322,3944.58
20170323,3955.03
20170324,3984.83
20170327,3969.20
20170328,3959.53
20170329,3954.81
20170330,3912.66
20170331,3936.37
20170405,3994.48
20170406,4009.08
20170407,4015.32
20170410,4000.33
20170411,4017.31
20170412,4000.15
20170413,4011.42
20170414,3976.36
20170417,3964.68
20170418,3946.72
20170419,3923.09
20170420,3940.37
20170421,3937.44
20170424,3883.80
20170425,3900.34
20170426,3907.40
20170427,3915.44
20170428,3911.30
20170502,3903.83
20170503,3890.52
20170504,3880.94
20170505,3852.28
20170508,3816.96
20170509,3816.23
20170510,3785.98
20170511,3804.34
20170512,3828.32
20170515,3843.87
20170516,3888.34
20170517,3871.15
20170518,3854.44
20170519,3860.45
20170522,3862.45
20170523,3858.01
20170524,3862.66
20170525,3916.61
20170526,3911.52
20170531,3917.48
20170601,3906.09
20170602,3904.14
20170605,3896.34
20170606,3921.10
20170607,3973.89
20170608,4002.32
20170609,4021.41
20170612,4015.74
20170613,4033.68
20170614,3988.85
20170615,3988.14
20170616,3978.21
20170619,4012.80
20170620,4008.33
20170621,4049.46
20170622,4038.13
20170623,4072.39
20170626,4124.93
20170627,4132.54
20170628,4101.86
20170629,4129.74
20170630,4132.45
20170703,4123.31
20170704,4093.77
20170705,4135.54
20170706,4138.08
20170707,4129.68
20170710,4119.86
20170711,4124.69
20170712,4114.72
20170713,4135.24
20170714,4142.53
20170717,4073.06
20170718,4086.09
20170719,4143.56
20170720,4164.13
20170721,4153.50
20170724,4173.72
20170725,4154.54
20170726,4138.22
20170727,4153.05
20170728,4168.01
20170731,4190.47
20170801,4217.40
20170802,4203.06
20170803,4177.96
20170804,4154.91
20170807,4188.43
20170808,4195.94
20170809,4202.90
20170810,4180.11
20170811,4107.37
20170814,4167.96
20170815,4182.16
20170816,4181.33
20170817,4204.90
20170818,4207.18
20170821,4229.60
20170822,4236.88
20170823,4230.55
20170824,4208.74
20170825,4267.27
20170828,4307.90
20170829,4300.68
20170830,4306.55
20170831,4296.60
20170901,4313.06
20170904,4336.66
20170905,4350.01
20170906,4350.71
20170907,4325.34
20170908,4324.99
20170911,4334.81
20170912,4343.29
20170913,4354.73
20170914,4337.69
20170915,4329.25
20170918,4344.69
20170919,4330.19
20170920,4348.47
20170921,4336.39
20170922,4332.24
20170925,4312.78
20170926,4319.09
20170927,4329.82
20170928,4334.51
20170929,4350.76
20171009,4405.79
20171010,4421.68
20171011,4429.21
20171012,4441.32
20171013,4457.56
20171016,4439.77
20171017,4438.16
20171018,4461.47
20171019,4449.97
20171020,4453.31
20171023,4464.35
20171024,4485.75
20171025,4509.44
20171026,4529.94
20171027,4553.06
20171030,4529.46
20171031,4536.82
20171101,4529.86
20171102,4518.56
20171103,4508.86
20171106,4552.27
20171107,4587.27
20171108,4578.10
20171109,4615.00
20171110,4657.50
20171113,4680.30
20171114,4644.70
20171115,4606.86
20171116,4645.92
20171117,4629.08
20171120,4665.22
20171121,4728.25
20171122,4739.36
20171123,4597.02
20171124,4595.22
20171127,4529.59
20171128,4552.58
20171129,4545.84
20171130,4494.68
20171201,4497.15
20171204,4516.17
20171205,4513.39
20171206,4497.09
20171207,4451.51
20171208,4494.09
20171211,4571.96
20171212,4514.88
20171213,4557.59
20171214,4540.25
20171215,4489.62
20171218,4489.72
20171219,4544.14
20171220,4533.82
20171221,4573.49
20171222,4564.00
20171225,4542.62
20171226,4556.06
20171227,4490.76
20171228,4521.63
20171229,4534.62
20180102,4595.15
20180103,4623.97
20180104,4646.29
20180105,4650.98
20180108,4667.86
20180109,4698.21
20180110,4712.02
20180111,4714.65
20180112,4728.15
20180115,4704.70
20180116,4724.67
20180117,4701.34
20180118,4725.91
20180119,4727.36
20180122,4796.04
20180123,4831.73
20180124,4842.78
20180125,4826.11
20180126,4837.84
20180129,4751.28
20180130,4710.30
20180131,4709.00
20180201,4652.98
20180202,4682.00
20180205,4672.34
20180206,4521.28
20180207,4440.18
20180208,4417.96
20180209,4243.35
20180212,4314.27
20180213,4357.35
20180214,4391.89
20180222,4489.21
20180223,4505.55
20180226,4572.24
20180227,4522.27
20180228,4489.77
20180301,4528.58
20180302,4491.89
20180305,4496.26
20180306,4542.12
20180307,4507.97
20180308,4555.01
20180309,4601.56
20180312,4638.01
20180313,4600.36
20180314,4573.50
20180315,4598.51
20180316,4553.90
20180319,4580.53
20180320,4589.44
20180321,4559.95
20180322,4519.65
20180323,4373.27
20180326,4370.93
20180327,4425.25
20180328,4348.32
20180329,4394.98
20180330,4419.61
20180402,4407.55
20180403,4374.71
20180404,4359.23
20180409,4362.10
20180410,4428.78
20180411,4441.22
20180412,4398.92
20180413,4373.77
20180416,4326.59
20180417,4247.04
20180418,4277.33
20180419,4326.25
20180420,4265.59
20180423,4257.28
20180424,4347.04
20180425,4337.14
20180426,4251.63
20180427,4251.86
20180502,4256.79
20180503,4288.86
20180504,4271.51
20180507,4343.66
20180508,4386.90
20180509,4382.32
20180510,4403.36
20180511,4378.16
20180514,4411.61
20180515,4437.56
20180516,4407.71
20180517,4375.56
20180518,4413.02
20180521,4444.16
20180522,4438.04
20180523,4379.22
20180524,4351.08
20180525,4328.47
20180528,4342.10
20180529,4311.62
20180530,4221.14
20180531,4306.38
20180601,4261.64
20180604,4295.53
20180605,4350.32
20180606,4344.91
20180607,4327.98
20180608,4275.72
20180611,4268.49
20180612,4321.65
20180613,4275.79
20180614,4254.72
20180615,4216.15
20180619,4049.23
20180620,4068.74
20180621,4011.63
20180622,4034.53
20180625,3985.48
20180626,3969.48
20180627,3895.95
20180628,3851.18
20180629,3960.31
20180702,3856.47
20180703,3864.90
20180704,3809.17
20180705,3773.21
20180706,3800.93
20180709,3905.25
20180710,3915.32
20180711,3847.46
20180712,3937.65
20180713,3952.90
20180716,3934.94
20180717,3916.23
20180718,3893.19
20180719,3884.77
20180720,3949.51
20180723,3984.67
20180724,4046.60
20180725,4045.91
20180726,3997.99
20180727,3979.94
20180730,3963.71
20180731,3963.45
20180801,3891.94
20180802,3806.53
20180803,3740.47
20180806,3688.14
20180807,3794.67
20180808,3732.58
20180809,3829.10
20180810,3839.66
20180813,3834.99
20180814,3814.75
20180815,3722.25
20180816,3694.47
20180817,3637.12
20180820,3672.30
20180821,3737.57
20180822,3712.28
20180823,3728.50
20180824,3728.55
20180827,3823.20
20180828,3818.33
20180829,3798.52
20180830,3755.79
20180831,3724.89
20180903,3718.83
20180904,3767.23
20180905,3694.84
20180906,3658.92
20180907,3671.01
20180910,3613.80
20180911,3609.29
20180912,3583.58
20180913,3618.49
20180914,3615.47
20180917,3571.19
20180918,3644.51
20180919,3690.02
20180920,3686.35
20180921,3788.59
20180925,3764.74
20180926,3803.66
20180927,3782.46
20180928,3819.44
20181008,3658.52
20181009,3655.71
20181010,3647.04
20181011,3461.25
20181012,3504.69
20181015,3455.54
20181016,3416.96
20181017,3439.76
20181018,3353.50
20181019,3451.66
20181022,3596.86
20181023,3501.15
20181024,3496.41
20181025,3486.12
20181026,3469.14
20181029,3368.19
20181030,3392.10
20181031,3447.68
20181101,3474.62
20181102,3605.88
20181105,3581.84
20181106,3560.99
20181107,3540.88
20181108,3528.88
20181109,3482.55
20181112,3535.43
20181113,3575.31
20181114,3543.39
20181115,3583.72
20181116,3596.75
20181119,3622.88
20181120,3540.89
20181121,3550.63
20181122,3540.52
20181123,3454.24
20181126,3453.30
20181127,3453.65
20181128,3496.06
20181129,3448.54
20181130,3484.06
20181203,3587.60
20181204,3598.84
20181205,3581.48
20181206,3503.33
20181207,3502.27
20181210,3464.65
20181211,3480.83
20181212,3490.33
20181213,3542.15
20181214,3477.65
20181217,3470.80
20181218,3441.64
20181219,3397.07
20181220,3375.30
20181221,3340.70
20181224,3357.02
20181225,3333.18
20181226,3316.33
20181227,3296.11
20181228,3310.24
20190102,3267.28
20190103,3255.28
20190104,3324.34
20190107,3355.19
20190108,3347.41
20190109,3378.78
20190110,3377.43
20190111,3402.61
20190114,3371.66
20190115,3435.98
20190116,3435.92
20190117,3414.47
20190118,3474.29
20190121,3498.12
20190122,3447.57
20190123,3447.59
20190124,3468.48
20190125,3490.33
20190128,3488.27
20190129,3490.84
20190130,3458.77
20190131,3484.53
20190201,3544.12
20190211,3618.57
20190212,3646.12
20190213,3715.81
20190214,3722.99
20190215,3663.51
20190218,3781.06
20190219,3776.16
20190220,3786.16
20190221,3774.87
20190222,3849.76
20190225,4067.33
20190226,4030.27
20190227,4016.12
20190228,4020.42
20190301,4099.00
20190304,4153.94
20190305,4199.28
20190306,4233.98
20190307,4194.64
20190308,4049.87
20190311,4149.38
20190312,4191.22
20190313,4133.83
20190314,4096.25
20190315,4144.27
20190318,4259.36
20190319,4249.41
20190320,4241.17
20190321,4250.90
20190322,4255.27
20190325,4168.52
20190326,4108.10
20190327,4152.04
20190328,4131.18
20190329,4279.36
20190401,4405.31
20190402,4407.49
20190403,4455.16
20190404,4498.04
20190408,4490.00
20190409,4503.29
20190410,4517.48
20190411,4418.11
20190412,4407.88
20190415,4390.18
20190416,4506.64
20190417,4519.05
20190418,4498.89
20190419,4551.50
20190422,4460.83
20190423,4437.01
20190424,4460.98
20190425,4346.92
20190426,4289.47
20190429,4285.82
20190430,4299.75
20190506,4034.60
20190507,4071.02
20190508,4015.66
20190509,3948.03
20190510,4096.13
20190513,4030.30
20190514,4002.54
20190515,4096.28
20190516,4114.51
20190517,4006.52
20190520,3975.28
20190521,4031.69
20190522,4012.76
20190523,3932.05
20190524,3932.98
20190527,3991.42
20190528,4025.70
20190529,4021.65
20190530,3996.93
20190531,3982.54
20190603,3978.17
20190604,3937.44
20190605,3931.87
20190606,3886.06
20190610,3940.44
20190611,4064.28
20190612,4034.28
20190613,4032.24
20190614,3991.91
20190617,3989.13
20190618,4004.23
20190619,4058.68
20190620,4171.96
20190621,4189.05
20190624,4197.14
20190625,4151.02
20190626,4149.94
20190627,4194.99
20190628,4177.17
20190701,4304.32
20190702,4305.17
20190703,4254.60
20190704,4232.71
20190705,4256.97
20190708,4147.92
20190709,4138.73
20190710,4130.45
20190711,4131.45
20190712,4155.50
20190715,4178.49
20190716,4159.62
20190717,4155.47
20190718,4108.18
20190719,4143.87
20190722,4109.87
20190723,4126.07
20190724,4163.26
20190725,4195.38
20190726,4205.26
20190729,4202.52
20190730,4218.81
20190731,4184.72
20190801,4154.93
20190802,4096.20
20190805,4022.51
20190806,3968.76
20190807,3951.87
20190808,4003.24
20190809,3964.72
20190812,4036.20
20190813,4002.58
20190814,4026.50
20190815,4043.21
20190816,4062.02
20190819,4154.22
20190820,4152.43
20190821,4149.38
20190822,4163.49
20190823,4190.78
20190826,4132.89
20190827,4189.86
20190828,4174.98
20190829,4168.30
20190830,4174.19
20190902,4238.81
20190903,4248.03
20190904,4280.15
20190905,4318.54
20190906,4345.31
20190909,4386.39
20190910,4367.54
20190911,4329.69
20190912,4372.00
20190916,4364.12
20190917,4286.15
20190918,4302.39
20190919,4324.17
20190920,4338.75
20190923,4293.42
20190924,4311.23
20190925,4270.12
20190926,4221.48
20190927,4238.26
20190930,4194.30
20191008,4211.32
20191009,4215.40
20191010,4258.35
20191011,4290.54
20191014,4338.28
20191015,4310.48
20191016,4294.31
20191017,4300.52
20191018,4242.41
20191021,4245.42
20191022,4267.64
20191023,4238.53
20191024,4232.79
20191025,4259.79
20191028,4308.24
20191029,4286.05
20191030,4261.90
20191031,4254.44
20191101,4323.53
20191104,4355.98
20191105,4380.42
20191106,4360.04
20191107,4370.70
20191108,4355.00
20191111,4273.38
20191112,4271.49
20191113,4275.13
20191114,4286.83
20191115,4255.58
20191118,4288.43
20191119,4341.52
20191120,4303.92
20191121,4283.91
20191122,4235.19
20191125,4258.63
20191126,4269.14
20191127,4259.80
20191128,4245.42
20191129,4210.61
20191202,4213.74
20191203,4230.78
20191204,4233.04
20191205,4270.32
20191206,4297.81
20191209,4290.48
20191210,4304.71
20191211,4300.37
20191212,4289.57
20191213,4366.57
20191216,4399.73
20191217,4453.17
20191218,4442.10
20191219,4439.91
20191220,4414.53
20191223,4359.06
20191224,4400.63
20191225,4406.82
20191226,4438.23
20191227,4428.96
20191230,4485.41
20191231,4501.89
20200102,4571.48
20200103,4568.62
20200106,4564.16
20200107,4604.04
20200108,4554.89
20200109,4616.93
20200110,4614.16
20200113,4664.77
20200114,4650.24
20200115,4631.12
20200116,4617.91
20200117,4621.53
20200120,4668.43
20200121,4594.17
20200122,4623.69
20200123,4478.96
20200203,4132.45
20200204,4251.51
20200205,4316.92
20200206,4414.65
20200207,4423.36
20200210,4445.85
20200211,4470.36
20200212,4523.97
20200213,4492.56
20200214,4508.90
20200217,4617.70
20200218,4619.01
20200219,4600.00
20200220,4697.73
20200221,4721.95
20200224,4723.18
20200225,4722.04
20200226,4636.17
20200227,4651.52
20200228,4464.31
20200302,4610.67
20200303,4644.19
20200304,4655.95
20200305,4747.11
20200306,4685.28
20200309,4505.87
20200310,4615.49
20200311,4552.76
20200312,4464.02
20200313,4408.27
20200316,4212.21
20200317,4201.40
20200318,4124.13
20200319,4084.85
20200320,4153.49
20200323,4002.32
20200324,4104.12
20200325,4214.95
20200326,4183.42
20200327,4186.07
20200330,4129.11
20200331,4142.13
20200401,4131.48
20200402,4213.28
20200403,4185.84
20200407,4292.30
20200408,4279.02
20200409,4299.62
20200410,4255.32
20200413,4230.63
20200414,4318.70
20200415,4290.35
20200416,4307.37
20200417,4348.10
20200420,4374.67
20200421,4326.24
20200422,4361.69
20200423,4346.14
20200424,4301.29
20200427,4322.08
20200428,4340.13
20200429,4354.04
20200430,4420.99
20200506,4467.84
20200507,4455.39
20200508,4499.55
20200511,4496.08
20200512,4505.20
20200513,4517.11
20200514,4471.89
20200515,4464.98
20200518,4464.68
20200519,4514.59
20200520,4487.41
20200521,4455.34
20200522,4352.63
20200525,4353.58
20200526,4417.79
20200527,4380.42
20200528,4383.29
20200529,4403.38
20200601,4527.80
20200602,4536.74
20200603,4538.90
20200604,4540.25
20200605,4563.91
20200608,4579.00
20200609,4609.26
20200610,4608.80
20200611,4570.37
20200612,4578.72
20200615,4528.09
20200616,4607.55
20200617,4615.95
20200618,4637.77
20200619,4695.52
20200622,4695.88
20200623,4722.54
20200624,4738.67
20200629,4708.42
20200630,4770.21
20200701,4835.92
20200702,4911.84
20200703,4987.84
20200706,5232.28
20200707,5298.14
20200708,5383.17
20200709,5479.56
20200710,5406.72
20200713,5548.96
20200714,5488.31
20200715,5406.62
20200716,5137.61
20200717,5180.16
20200720,5333.05
20200721,5356.68
20200722,5389.18
20200723,5394.06
20200724,5143.91
20200727,5170.21
20200728,5214.28
20200729,5347.07
20200730,5321.45
20200731,5372.54
20200803,5473.66
20200804,5460.43
20200805,5478.60
20200806,5456.17
20200807,5398.30
20200810,5408.44
20200811,5347.47
20200812,5299.26
20200813,5286.89
20200814,5357.81
20200817,5465.05
20200818,5470.71
20200819,5373.74
20200820,5312.22
20200821,5355.43
20200824,5408.40
20200825,5408.28
20200826,5337.07
20200827,5375.69
20200828,5488.53
20200831,5461.87
20200901,5497.32
20200902,5505.74
20200903,5469.79
20200904,5421.34
20200907,5307.01
20200908,5336.60
20200909,5199.37
20200910,5173.56
20200911,5237.35
20200914,5277.35
20200915,5323.00
20200916,5282.26
20200917,5267.81
20200918,5367.50
20200921,5321.31
20200922,5253.90
20200923,5281.51
20200924,5168.30
20200925,5168.06
20200928,5167.09
20200929,5194.42
20200930,5195.33
20201009,5324.93
20201012,5486.06
20201013,5504.18
20201014,5471.94
20201015,5453.18
20201016,5435.46
20201019,5394.39
20201020,5449.04
20201021,5424.73
20201022,5401.81
20201023,5326.09
20201026,5321.13
20201027,5330.24
20201028,5374.10
20201029,5409.42
20201030,5326.33
20201102,5367.02
20201103,5433.06
20201104,5471.58
20201105,5557.56
20201106,5546.89
20201109,5659.17
20201110,5620.69
20201111,5548.95
20201112,5562.49
20201113,5522.10
20201116,5572.11
20201117,5541.17
20201118,5532.72
20201119,5566.21
20201120,5598.93
20201123,5661.67
20201124,5636.44
20201125,5554.24
20201126,5554.54
20201127,5603.62
20201130,5582.73
20201201,5696.53
20201202,5694.80
20201203,5683.71
20201204,5709.03
20201207,5673.18
20201208,5665.39
20201209,5586.11
20201210,5588.71
20201211,5524.98
20201214,5578.26
20201215,5602.61
20201216,5610.84
20201217,5676.68
20201218,5662.24
20201221,5741.24
20201222,5643.71
20201223,5696.60
20201224,5675.97
20201225,5728.04
20201228,5739.37
20201229,5710.80
20201230,5804.12
20201231,5910.32
20210104,6008.26
20210105,6104.18
20210106,6152.60
20210107,6250.90
20210108,6244.36
20210111,6183.55
20210112,6342.78
20210113,6316.86
20210114,6200.97
20210115,6193.47
20210118,6271.03
20210119,6172.69
20210120,6236.96
20210121,6338.65
20210122,6367.40
20210125,6417.91
20210126,6279.30
20210127,6300.50
20210128,6118.35
20210129,6078.87
20210201,6155.65
20210202,6250.85
20210203,6228.09
20210204,6213.22
20210205,6192.76
20210208,6305.53
20210209,6444.83
20210210,6577.13
20210218,6545.17
20210219,6558.11
20210222,6373.41
20210223,6350.44
20210224,6188.31
20210225,6208.01
20210226,6059.90
20210301,6175.40
20210302,6100.19
20210303,6208.99
20210304,6015.65
20210305,5988.56
20210308,5780.11
20210309,5655.17
20210310,5688.28
20210311,5833.90
20210312,5852.40
20210315,5728.33
20210316,5775.38
20210317,5803.25
20210318,5852.63
20210319,5699.52
20210322,5754.95
20210323,5686.20
20210324,5586.29
20210325,5592.30
20210326,5725.55
20210329,5734.19
20210330,5791.66
20210331,5747.41
20210401,5823.46
20210402,5874.10
20210406,5852.78
20210407,5819.23
20210408,5828.24
20210409,5747.94
20210412,5644.62
20210413,5637.59
20210414,5701.81
20210415,5666.88
20210416,5689.23
20210419,5832.82
20210420,5825.43
20210421,5832.46
20210422,5830.75
20210423,5889.83
20210426,5830.56
20210427,5842.15
20210428,5879.91
20210429,5922.54
20210430,5897.60
20210506,5833.79
20210507,5755.95
20210510,5764.59
20210511,5779.37
20210512,5807.62
20210513,5736.59
20210514,5853.31
20210517,5947.21
20210518,5950.54
20210519,5941.54
20210520,5941.72
20210521,5895.27
20210524,5919.95
20210525,6087.65
20210526,6088.82
20210527,6120.46
20210528,6109.53
20210531,6139.47
20210601,6154.67
20210602,6094.16
20210603,6053.73
20210604,6089.26
20210607,6081.27
20210608,6041.09
20210609,6056.56
20210610,6119.88
20210611,6083.10
20210615,6013.55
20210616,5889.21
20210617,5929.28
20210618,5945.65
20210621,5949.45
20210622,5982.76
20210623,6029.77
20210624,6024.87
20210625,6114.66
20210628,6144.37
20210629,6084.50
20210630,6135.48
20210701,6125.53
20210702,5961.76
20210705,5977.81
20210706,5968.60
20210707,6053.03
20210708,6013.08
20210709,6005.15
20210712,6108.00
20210713,6113.50
20210714,6039.68
20210715,6113.21
20210716,6037.06
20210719,6054.57
20210720,6055.58
20210721,6120.05
20210722,6136.11
20210723,6059.25
20210726,5887.64
20210727,5680.90
20210728,5690.38
20210729,5832.18
20210730,5800.26
20210802,5927.99
20210803,5910.10
20210804,5991.38
20210805,5955.47
20210806,5928.87
20210809,5968.36
20210810,6020.19
20210811,5998.51
20210812,5958.76
20210813,5926.75
20210816,5899.81
20210817,5766.36
20210818,5814.07
20210819,5799.53
20210820,5695.00
20210823,5796.37
20210824,5856.87
20210825,5886.59
20210826,5782.72
20210827,5818.03
20210830,5820.95
20210831,5802.57
20210901,5832.35
20210902,5838.75
20210903,5802.26
20210906,5915.32
20210907,5984.95
20210908,5964.34
20210909,5973.65
20210910,6012.27
20210913,5993.70
20210914,5931.64
20210915,5883.49
20210916,5792.72
20210917,5827.77
20210922,5806.30
20210923,5839.59
20210924,5822.87
20210927,5828.92
20210928,5826.69
20210929,5746.27
20210930,5812.60
20211008,5869.22
20211011,5866.91
20211012,5788.12
20211013,5860.55
20211014,5846.66
20211015,5886.57
20211018,5846.77
20211019,5892.99
20211020,5883.56
20211021,5898.23
20211022,5920.21
20211025,5952.66
20211026,5932.27
20211027,5870.53
20211028,5819.06
20211029,5894.05
20211101,5877.44
20211102,5824.05
20211103,5800.75
20211104,5861.46
20211105,5823.74
20211108,5839.17
20211109,5852.70
20211110,5813.94
20211111,5896.63
20211112,5888.68
20211115,5866.55
20211116,5855.15
20211117,5877.42
20211118,5825.67
20211119,5890.79
20211122,5946.76
20211123,5939.50
20211124,5937.12
20211125,5917.67
20211126,5881.70
20211129,5887.94
20211130,5873.97
20211201,5878.75
20211202,5882.73
20211203,5934.43
20211206,5901.36
20211207,5908.07
20211208,6000.40
20211209,6076.18
20211210,6059.84
20211213,6100.57
20211214,6061.81
20211215,6015.09
20211216,6056.57
20211217,5963.42
20211220,5866.87
20211221,5913.35
20211222,5927.96
20211223,5964.54
20211224,5921.26
20211227,5911.33
20211228,5950.72
20211229,5873.80
20211230,5921.15
20211231,5946.60
20220104,5918.19
20220105,5843.02
20220106,5793.98
20220107,5789.44
20220110,5815.68
20220111,5756.27
20220112,5819.56
20220113,5721.89
20220114,5688.78
20220117,5748.23
20220118,5795.10
20220119,5750.43
20220120,5775.12
20220121,5717.54
20220124,5727.52
20220125,5584.99
20220126,5620.96
20220127,5497.25
20220128,5435.23
20220207,5523.91
20220208,5504.02
20220209,5565.43
20220210,5552.24
20220211,5495.93
20220214,5443.93
20220215,5506.28
20220216,5527.48
20220217,5541.82
20220218,5573.07
20220221,5559.14
20220222,5490.21
20220223,5563.02
20220224,5453.18
20220225,5505.80
20220228,5523.09
20220301,5559.84
20220302,5512.81
20220303,5477.91
20220304,5405.52
20220307,5236.45
20220308,5122.25
20220309,5074.85
20220310,5160.58
20220311,5175.83
20220314,5019.80
20220315,4778.88
20220316,4980.24
20220317,5084.80
20220318,5121.25
20220321,5119.37
20220322,5116.69
20220323,5143.95
20220324,5110.49
20220325,5019.00
20220328,4992.30
20220329,4970.51
20220330,5107.48
20220331,5061.53
20220401,5117.28
20220406,5099.74
20220407,5031.06
20220408,5052.47
20220411,4887.54
20220412,4975.75
20220413,4923.65
20220414,4985.50
20220415,4968.77
20220418,4953.20
20220419,4925.82
20220420,4838.80
20220421,4729.12
20220422,4741.83
20220425,4484.45
20220426,4436.91
20220427,4591.57
20220428,4615.85
20220429,4745.73
20220505,4749.48
20220506,4630.76
20220509,4603.14
20220510,4655.10
20220511,4724.33
20220512,4706.89
20220513,4743.89
20220516,4715.22
20220517,4774.90
20220518,4758.58
20220519,4775.09
20220520,4866.11
20220523,4846.71
20220524,4718.35
20220525,4752.59
20220526,4773.40
20220527,4781.58
20220530,4821.24
20220531,4895.10
20220601,4892.27
20220602,4910.26
20220606,5007.95
20220607,5014.86
20220608,5059.96
20220609,4997.56
20220610,5077.13
20220613,5032.02
20220614,5057.46
20220615,5103.63
20220616,5085.32
20220617,5158.75
20220620,5183.93
20220621,5167.81
20220622,5096.67
20220623,5191.96
20220624,5258.23
20220627,5315.96
20220628,5381.16
20220629,5288.53
20220630,5364.32
20220701,5348.78
20220704,5391.50
20220705,5388.13
20220706,5308.38
20220707,5337.58
20220708,5312.67
20220711,5215.34
20220712,5159.01
20220713,5173.34
20220714,5186.02
20220715,5101.80
20220718,5160.73
20220719,5140.25
20220720,5164.83
20220721,5107.79
20220722,5101.26
20220725,5065.65
20220726,5109.57
20220727,5093.77
20220728,5097.12
20220729,5034.18
20220801,5064.40
20220802,4958.26
20220803,4912.54
20220804,4951.83
20220805,5026.27
20220808,5026.75
20220809,5040.32
20220810,4990.33
20220811,5084.10
20220812,5076.57
20220815,5079.98
20220816,5074.68
20220817,5112.80
20220818,5073.07
20220819,5029.82
20220822,5080.28
20220823,5057.93
20220824,4944.17
20220825,4978.94
20220826,4962.93
20220829,4944.53
20220830,4922.82
20220831,4900.10
20220901,4858.92
20220902,4843.38
20220905,4836.13
20220906,4890.41
20220907,4900.86
20220908,4875.09
20220909,4939.15
20220913,4955.98
20220914,4902.15
20220915,4837.22
20220916,4727.19
20220919,4715.27
20220920,4728.67
20220921,4699.39
20220922,4662.82
20220923,4634.59
20220926,4604.36
20220927,4673.07
20220928,4579.78
20220929,4583.42
20220930,4547.41
20221010,4445.62
20221011,4460.14
20221012,4536.16
20221013,4505.74
20221014,4616.75
20221017,4629.34
20221018,4623.59
20221019,4555.65
20221020,4524.66
20221021,4507.88
20221024,4393.90
20221025,4385.73
20221026,4431.15
20221027,4403.55
20221028,4282.57
20221031,4254.27
20221101,4398.88
20221102,4452.05
20221103,4424.78
20221104,4565.41
20221107,4575.78
20221108,4550.81
20221109,4512.03
20221110,4471.71
20221111,4582.53
20221114,4580.57
20221115,4667.11
20221116,4631.86
20221117,4614.69
20221118,4593.21
20221121,4565.35
20221122,4555.25
20221123,4559.08
20221124,4542.31
20221125,4551.89
20221128,4506.96
20221129,4631.24
20221130,4638.82
20221201,4688.25
20221202,4660.69
20221205,4737.68
20221206,4759.91
20221207,4750.20
20221208,4745.63
20221209,4788.88
20221212,4742.43
20221213,4722.22
20221214,4724.62
20221215,4729.55
20221216,4719.40
20221219,4645.73
20221220,4573.33
20221221,4566.64
20221222,4558.78
20221223,4547.99
20221226,4582.58
20221227,4629.31
20221228,4607.09
20221229,4592.26
20221230,4605.18
20230103,4642.81
20230104,4642.45
20230105,4728.51
20230106,4746.14
20230109,4779.08
20230110,4787.71
20230111,4776.91
20230112,4785.03
20230113,4840.45
20230116,4912.45
20230117,4913.72
20230118,4912.39
20230119,4945.76
20230120,4982.74
20230130,5011.25
20230131,4969.59
20230201,5018.30
20230202,5006.98
20230203,4966.35
20230206,4906.49
20230207,4916.94
20230208,4892.09
20230209,4960.12
20230210,4931.58
20230213,4977.02
20230214,4978.38
20230215,4956.92
20230216,4909.83
20230217,4840.36
20230220,4953.71
20230221,4970.09
20230222,4929.67
20230223,4922.76
20230224,4878.25
20230227,4856.07
20230228,4886.28
20230301,4952.18
20230302,4940.32
20230303,4951.67
20230306,4932.75
20230307,4855.38
20230308,4845.87
20230309,4830.83
20230310,4766.49
20230313,4810.08
20230314,4776.44
20230315,4779.42
20230316,4716.27
20230317,4743.62
20230320,4722.61
20230321,4781.26
20230322,4806.47
20230323,4850.07
20230324,4841.55
20230327,4830.88
20230328,4805.37
20230329,4811.51
20230330,4845.72
20230331,4868.38
20230403,4924.86
20230404,4930.73
20230406,4928.78
20230407,4963.72
20230410,4935.50
20230411,4933.52
20230412,4939.48
20230413,4900.55
20230414,4933.36
20230417,4984.76
20230418,4995.86
20230419,4955.11
20230420,4943.70
20230421,4836.78
20230424,4782.88
20230425,4737.78
20230426,4741.32
20230427,4763.83
20230428,4819.14
20230504,4808.14
20230505,4777.26
20230508,4825.64
20230509,4776.10
20230510,4756.12
20230511,4747.68
20230512,4681.51
20230515,4753.98
20230516,4724.90
20230517,4711.71
20230518,4710.22
20230519,4699.29
20230522,4723.37
20230523,4661.30
20230524,4607.17
20230525,4595.79
20230526,4599.61
20230529,4579.03
20230530,4592.77
20230531,4548.86
20230601,4562.89
20230602,4629.38
20230605,4612.11
20230606,4559.02
20230607,4537.26
20230608,4558.22
20230609,4587.19
20230612,4599.42
20230613,4624.15
20230614,4625.96
20230615,4696.74
20230616,4746.53
20230619,4716.63
20230620,4714.91
20230621,4630.25
20230626,4561.29
20230627,4606.02
20230628,4595.33
20230629,4578.56
20230630,4608.50
20230703,4656.92
20230704,4666.45
20230705,4631.48
20230706,4602.78
20230707,4575.25
20230710,4599.23
20230711,4630.23
20230712,4592.52
20230713,4656.57
20230714,4655.08
20230717,4620.03
20230718,4605.97
20230719,4598.64
20230720,4560.56
20230721,4555.17
20230724,4536.15
20230725,4654.94
20230726,4641.92
20230727,4629.15
20230728,4716.89
20230731,4748.80
20230801,4737.65
20230802,4707.98
20230803,4736.30
20230804,4756.88
20230807,4723.63
20230808,4708.65
20230809,4687.99
20230810,4694.57
20230811,4592.60
20230814,4568.65
20230815,4545.51
20230816,4504.92
20230817,4525.90
20230818,4461.03
20230821,4403.24
20230822,4435.35
20230823,4356.41
20230824,4387.00
20230825,4355.35
20230828,4404.90
20230829,4468.55
20230830,4475.71
20230831,4450.74
20230901,4475.65
20230904,4545.56
20230905,4513.36
20230906,4505.96
20230907,4436.19
20230908,4416.74
20230911,4452.49
20230912,4445.43
20230913,4411.33
20230914,4403.42
20230915,4377.13
20230918,4398.78
20230919,4383.56
20230920,4362.47
20230921,4325.59
20230922,4406.91
20230925,4378.57
20230926,4353.03
20230927,4367.35
20230928,4362.85
20231009,4355.80
20231010,4327.52
20231011,4340.32
20231012,4378.92
20231013,4335.21
20231016,4289.10
20231017,4299.81
20231018,4257.60
20231019,4173.82
20231020,4142.97
20231023,4089.34
20231024,4108.20
20231025,4126.73
20231026,4138.42
20231027,4202.46
20231030,4237.01
20231031,4219.44
20231101,4215.81
20231102,4192.18
20231103,4232.31
20231106,4294.11
20231107,4283.80
20231108,4277.98
20231109,4276.23
20231110,4247.06
20231113,4250.08
20231114,4253.30
20231115,4283.71
20231116,4239.68
20231117,4241.08
20231120,4254.29
20231121,4253.42
20231122,4203.63
20231123,4228.80
20231124,4194.91
20231127,4170.41
20231128,4181.67
20231129,4148.03
20231130,4150.27
20231201,4144.43
20231204,4121.32
20231205,4040.31
20231206,4051.59
20231207,4041.10
20231208,4054.91
20231211,4082.77
20231212,4089.46
20231213,4023.51
20231214,4003.96
20231215,3990.26
20231218,3965.11
20231219,3970.67
20231220,3925.36
20231221,3965.90
20231222,3965.49
20231225,3977.71
20231226,3948.56
20231227,3959.05
20231228,4054.18
20231229,4079.41
20240102,4030.38
20240103,4018.73
20240104,3979.08
20240105,3946.39
20240108,3888.80
20240109,3898.32
20240110,3878.46
20240111,3910.39
20240112,3894.86
20240115,3889.01
20240116,3902.64
20240117,3810.07
20240118,3858.23
20240119,3846.48
20240122,3758.49
20240123,3784.04
20240124,3831.15
20240125,3916.82
20240126,3895.91
20240129,3846.10
20240130,3772.67
20240131,3720.82
20240201,3721.23
20240202,3663.77
20240205,3663.41
20240206,3825.41
20240207,3902.19
20240208,3934.25
20240219,3976.74
20240220,3978.07
20240221,4021.94
20240222,4056.43
20240223,4064.84
20240226,4034.64
20240227,4094.55
20240228,4026.96
20240229,4118.96
20240301,4147.92
20240304,4156.22
20240305,4170.82
20240306,4158.08
20240307,4124.08
20240308,4152.90
20240311,4212.50
20240312,4221.12
20240313,4200.65
20240314,4189.25
20240315,4207.05
20240318,4250.22
20240319,4217.70
20240320,4229.90
20240321,4219.38
20240322,4176.06
20240325,4142.67
20240326,4157.11
20240327,4093.02
20240328,4127.86
20240329,4154.54
20240401,4231.91
20240402,4214.18
20240403,4200.94
20240408,4158.94
20240409,4164.40
20240410,4125.57
20240411,4128.58
20240412,4099.50
20240415,4173.03
20240416,4107.54
20240417,4185.72
20240418,4186.64
20240419,4156.64
20240422,4136.70
20240423,4101.91
20240424,4128.71
20240425,4135.89
20240426,4204.26
20240429,4260.22
20240430,4232.69
20240506,4301.89
20240507,4304.15
20240508,4261.39
20240509,4311.92
20240510,4305.79
20240513,4293.77
20240514,4285.80
20240515,4251.00
20240516,4260.77
20240517,4307.94
20240520,4326.88
20240521,4302.33
20240522,4307.33
20240523,4248.86
20240524,4202.59
20240527,4243.43
20240528,4209.60
20240529,4218.60
20240530,4197.96
20240531,4182.71
20240603,4189.86
20240604,4228.10
20240605,4199.37
20240606,4189.65
20240607,4167.53
20240611,4140.49
20240612,4145.07
20240613,4120.63
20240614,4134.26
20240617,4132.53
20240618,4146.00
20240619,4120.39
20240620,4080.57
20240621,4074.68
20240624,4040.09
20240625,4015.32
20240626,4052.84
20240627,4009.55
20240628,4023.33
20240701,4046.46
20240702,4029.67
20240703,4017.39
20240704,3991.19
20240705,3985.52
20240708,3945.64
20240709,3997.40
20240710,3985.72
20240711,4043.58
20240712,4046.25
20240715,4039.64
20240716,4064.56
20240717,4057.22
20240718,4079.29
20240719,4094.49
20240722,4073.01
20240723,3975.66
20240724,3946.05
20240725,3925.35
20240726,3948.59
20240729,3924.42
20240730,3901.81
20240731,3997.47
20240801,3970.35
20240802,3926.47
20240805,3869.26
20240806,3879.57
20240807,3877.82
20240808,3876.53
20240809,3861.37
20240812,3854.76
20240813,3864.83
20240814,3830.21
20240815,3866.78
20240816,3867.01
20240819,3878.35
20240820,3844.69
20240821,3834.75
20240822,3818.68
20240823,3833.19
20240826,3832.70
20240827,3807.54
20240828,3790.86
20240829,3795.78
20240830,3851.87
20240902,3780.45
20240903,3800.66
20240904,3777.34
20240905,3785.99
20240906,3747.96
20240909,3706.38
20240910,3710.91
20240911,3709.20
20240912,3691.63
20240913,3671.06
20240918,3685.02
20240919,3716.39
20240920,3717.17
20240923,3725.78
20240924,3885.17
20240925,3937.37
20240926,4103.82
20240927,4298.56
20240930,4684.89
20241008,4981.30
20241009,4630.94
20241010,4661.03
20241011,4516.47
20241014,4609.55
20241015,4495.57
20241016,4464.92
20241017,4418.55
20241018,4581.32
20241021,4614.35
20241022,4644.92
20241023,4664.25
20241024,4610.74
20241025,4655.91
20241028,4674.82
20241029,4628.61
20241030,4603.98
20241031,4614.79
20241101,4597.45
20241104,4665.20
20241105,4789.76
20241106,4775.62
20241107,4893.31
20241108,4860.88
20241111,4913.93
20241112,4862.39
20241113,4883.98
20241114,4779.67
20241115,4687.89
20241118,4648.17
20241119,4692.88
20241120,4715.84
20241121,4716.76
20241122,4566.55
20241125,4544.75
20241126,4524.87
20241127,4608.38
20241128,4565.13
20241129,4620.27
20241202,4669.07
20241203,4666.91
20241204,4635.88
20241205,4631.03
20241206,4694.33
20241209,4682.52
20241210,4715.94
20241211,4717.18
20241212,4759.41
20241213,4649.95
20241216,4617.17
20241217,4616.95
20241218,4643.69
20241219,4653.51
20241220,4639.21
20241223,4626.14
20241224,4682.22
20241225,4673.14
20241226,4684.84
20241227,4678.68
20241230,4693.23
20241231,4608.94
20250102,4473.66
20250103,4411.04
20250106,4402.91
20250107,4440.99
20250108,4428.28
20250109,4424.24
20250110,4365.54
20250113,4358.20
20250114,4484.09
20250115,4452.02
20250116,4458.96
20250117,4476.98
20250120,4499.54
20250121,4507.06
20250122,4466.66
20250123,4463.97
20250124,4504.01
20250127,4478.66
20250205,4468.24
20250206,4540.92
20250207,4606.19
20250210,4627.01
20250211,4603.14
20250212,4652.67
20250213,4630.56
20250214,4675.97
20250217,4681.52
20250218,4629.25
20250219,4674.28
20250220,4667.88
20250221,4734.86
20250224,4725.35
20250225,4673.99
20250226,4712.62
20250227,4712.33
20250228,4606.36
20250303,4611.58
20250304,4613.80
20250305,4632.25
20250306,4704.58
20250307,4690.56
20250310,4677.52
20250311,4692.04
20250312,4676.30
20250313,4648.53
20250314,4755.15
20250317,4748.10
20250318,4765.55
20250319,4758.89
20250320,4718.18
20250321,4642.74
20250324,4661.75
20250325,4653.25
20250326,4638.73
20250327,4652.07
20250328,4627.14
20250331,4591.71
20250401,4596.44
20250402,4590.67
20250403,4554.25
20250407,4199.09
20250408,4259.31
20250409,4311.84
20250410,4376.28
20250411,4400.64
20250414,4417.52
20250415,4412.31
20250416,4415.38
20250417,4412.42
20250418,4413.14
20250421,4444.33
20250422,4436.51
20250423,4444.97
20250424,4435.18
20250425,4443.17
20250428,4432.14
20250429,4431.63
20250430,4435.81
20250506,4494.63
20250507,4517.50
20250508,4543.64
20250509,4526.24
20250512,4583.19
20250513,4584.70
20250514,4626.07
20250515,4578.18
20250516,4563.02
20250519,4552.41
20250520,4579.38
20250521,4599.67
20250522,4585.83
20250523,4549.89
20250526,4531.73
20250527,4504.86
20250528,4497.62
20250529,4532.18
20250530,4503.46
20250603,4512.07
20250604,4533.83
20250605,4549.54
20250606,4545.10
20250609,4562.77
20250610,4536.05
20250611,4567.49
20250612,4566.60
20250613,4532.80
20250616,4543.99
20250617,4537.18
20250618,4540.41
20250619,4499.82
20250620,4492.54
20250623,4509.89
20250624,4570.19
20250625,4631.27
20250626,4614.44
20250627,4601.77
20250630,4630.45
20250701,4636.79
20250702,4627.66
20250703,4656.91
20250704,4662.51
20250707,4639.96
20250708,4687.58
20250709,4676.05
20250710,4696.44
20250711,4707.08
20250714,4709.78
20250715,4717.89
20250716,4707.35
20250717,4749.74
20250718,4773.24
20250721,4808.62
20250722,4849.17
20250723,4844.33
20250724,4888.72
20250725,4871.12
20250728,4885.77
20250729,4910.19
20250730,4899.20
20250731,4813.39
20250801,4792.42
20250804,4814.07
20250805,4846.51
20250806,4866.34
20250807,4864.07
20250808,4852.41
20250811,4886.84
20250812,4907.80
20250813,4956.03
20250814,4939.05
20250815,4985.83
20250818,5038.68
20250819,5016.82
20250820,5075.22
20250821,5089.34
20250822,5198.91
20250825,5311.73
20250826,5304.51
20250827,5227.98
20250828,5327.88
20250829,5372.76
20250901,5418.52
20250902,5358.44
20250903,5323.49
20250904,5192.02
20250905,5333.07
20250908,5358.70
20250909,5314.41
20250910,5325.81
20250911,5454.27
20250912,5432.21
20250915,5448.41
20250916,5449.98
20250917,5492.41
20250918,5433.76
20250919,5433.29
20250922,5457.29
20250923,5446.02
20250924,5521.82
20250925,5561.13
20250926,5497.73
20250929,5579.03
20250930,5618.71
20251009,5708.29
20251010,5577.65
20251013,5550.30
20251014,5451.59
20251015,5534.09
20251016,5531.79
20251017,5392.97
20251020,5427.08
20251021,5516.48
20251022,5494.74
20251023,5510.46
20251024,5586.35
20251027,5658.85
20251028,5628.29
20251029,5703.99
20251030,5653.75
20251031,5583.72
20251103,5594.41
20251104,5535.37
20251105,5548.07
20251106,5633.52
20251107,5622.12
20251110,5635.39
20251111,5588.23
20251112,5574.51
20251113,5654.44
20251114,5563.50
20251117,5540.11
20251118,5496.54
20251119,5512.38
20251120,5475.55
20251121,5325.99
20251124,5334.31
20251125,5392.91
20251126,5422.52
20251127,5415.93
20251128,5440.94
20251201,5505.28
20251202,5471.19
20251203,5440.62
20251204,5461.75
20251205,5513.75
20251208,5561.37
20251209,5530.03
20251210,5532.59
20251211,5486.31
20251212,5530.39
20251215,5490.12
20251216,5414.93
20251217,5520.78
20251218,5486.26
20251219,5516.17
20251222,5580.28
20251223,5592.43
20251224,5622.52
20251225,5636.74
20251226,5667.82
20251229,5640.76
20251230,5658.69
20251231,5642.82
20260105,5763.30
20260106,5860.20
20260107,5860.25
20260108,5830.57
20260109,5881.95
20260112,5948.70
20260113,5901.21
20260114,5901.20
20260115,5914.56
20260116,5889.35
20260119,5905.94
20260120,5878.74
20260121,5904.57
20260122,5911.78
20260123,5935.11
20260126,5925.53
20260127,5930.42
20260128,5951.10
20260129,5968.91
20260130,5898.13
20260202,5742.49
20260203,5852.15
20260204,5886.58
20260205,5817.60
20260206,5792.01
20260209,5899.22
20260210,5903.47
20260211,5896.15
20260212,5923.15
20260213,5840.73
20260224,5910.73
20260225,5967.30
20260226,5961.51
20260227,5965.35
20260302,5984.75
20260303,5840.58
20260304,5784.57
20260305,5843.49
20260306,5859.12
20260309,5804.09
20260310,5890.00
20260311,5919.99
20260312,5888.21
20260313,5844.62
20260316,5835.28
20260317,5767.73
20260318,5802.65
20260319,5688.63
20260320,5659.05
20260323,5466.90
20260324,5542.36
20260325,5633.10
20260326,5552.78
20260327,5600.34
20260330,5594.45
20260331,5526.73
20260401,5626.33
20260402,5550.74
20260403,5501.88
20260407,5510.74
20260408,5728.38
20260409,5698.95
20260410,5783.05
20260413,5792.78
20260414,5865.35
20260415,5837.45
20260416,5914.06
20260417,5913.84
20260420,5954.83
20260421,5959.66
20260422,6006.67
20260423,5973.41
20260424,5952.46
20260427,5965.38
20260428,5929.56
20260429,6013.41
20260430,6020.44
20260506,6135.86
20260507,6183.01
20260508,6154.27
20260511,6262.31
20260512,6249.23
20260513,6318.04
20260514,6182.97
20260515,6105.87
20260518,6084.51
20260519,6121.09
20260520,6130.45
20260521,6019.55
20260522,6115.18
20260525,6211.10
20260526,6228.65
20260527,6159.17
20260528,6169.84
20260529,6100.14
20260601,6030.69
20260602,6111.15
20260603,6144.49
20260604,6113.49
20260605,6009.39
20260608,5855.89
20260609,5981.78
20260610,5902.97
20260611,5872.70
20260612,5931.65
20260615,6099.19
20260616,6111.86
20260617,6188.10
20260618,6219.79
20260622,6373.56
20260623,6182.57
20260624,6247.01
20260625,6343.21
20260626,6147.45
20260629,6222.36
20260630,6314.99
20260701,6277.78
20260702,6076.25
20260703,6117.37
20260706,6097.12
20260707,6023.60
20260708,5952.43
20260709,6120.87
20260710,6005.87
20260713,5851.82
20260714,5984.37
20260715,5943.88
20260716,5825.99
20260717,5577.70
20260720,5622.82
20260721,5839.91
20260722,5803.77
20260723,5814.56
20260724,5703.87
20260727,5790.92
20260728,5606.08
20260729,5647.03
20260730,5557.94
20260731,5629.73
20260803,5571.45
20260804,5669.91
20260805,5763.71
20260806,5753.21
20260807,5831.36
20260810,5841.10
20260811,5792.47
20260812,5835.38
20260813,5789.89
20260814,5801.17
20260817,5911.44
20260818,5892.61
20260819,5681.74
20260820,5694.08
20260821,5725.60
20260824,5637.96
20260825,5630.78
20260826,5675.34
20260827,5740.88
20260828,5710.50
20260831,5729.95
20260901,5699.15
20260902,5613.89
20260903,5623.55
20260904,5595.61
20260907,5644.97
20260908,5630.04
20260909,5644.65
20260910,5606.98
20260911,5547.27
20260914,5515.85
20260915,5485.45
20260916,5538.94
